,result,table,_time,_value,_field,_measurement,asset_id
,_result,0,2026-08-28T04:38:07.717978056Z,0,alert_count,soil_health,soil_parcel_001
,_result,0,2026-08-28T04:39:11.811954403Z,0,alert_count,soil_health,soil_parcel_001
,_result,0,2026-08-28T04:40:16.018838363Z,0,alert_count,soil_health,soil_parcel_001
,_result,0,2026-08-28T04:41:20.10534612Z,0,alert_count,soil_health,soil_parcel_001
,_result,0,2026-08-28T04:42:24.262557915Z,0,alert_count,soil_health,soil_parcel_001
,_result,0,2026-08-28T04:43:28.423712317Z,0,alert_count,soil_health,soil_parcel_001
,_result,0,2026-08-28T04:44:32.924821244Z,0,alert_count,soil_health,soil_parcel_001
,_result,0,2026-08-28T04:45:37.320126778Z,0,alert_count,soil_health,soil_parcel_001
,_result,0,2026-08-28T04:46:41.377773495Z,0,alert_count,soil_health,soil_parcel_001
,_result,0,2026-08-28T04:47:45.852708827Z,0,alert_count,soil_health,soil_parcel_001
,_result,0,2026-08-28T04:48:50.354997252Z,0,alert_count,soil_health,soil_parcel_001
,_result,0,2026-08-28T04:49:54.608153014Z,0,alert_count,soil_health,soil_parcel_001
,_result,0,2026-08-28T04:51:47.642651922Z,0,alert_count,soil_health,soil_parcel_001
,_result,0,2026-08-28T04:52:53.970007338Z,0,alert_count,soil_health,soil_parcel_001
,_result,0,2026-08-28T04:53:59.212104813Z,0,alert_count,soil_health,soil_parcel_001
,_result,0,2026-08-28T04:55:04.375587191Z,0,alert_count,soil_health,soil_parcel_001
,_result,0,2026-08-28T04:56:09.705566266Z,0,alert_count,soil_health,soil_parcel_001
,_result,0,2026-08-28T04:57:15.36943368Z,0,alert_count,soil_health,soil_parcel_001
,_result,0,2026-08-28T04:58:22.698567203Z,0,alert_count,soil_health,soil_parcel_001
,_result,0,2026-08-28T04:59:27.791186955Z,0,alert_count,soil_health,soil_parcel_001
,_result,0,2026-08-28T05:00:33.642909492Z,0,alert_count,soil_health,soil_parcel_001
,_result,0,2026-08-28T05:01:39.840929012Z,0,alert_count,soil_health,soil_parcel_001
,_result,0,2026-08-28T05:02:44.989174427Z,0,alert_count,soil_health,soil_parcel_001
,_result,0,2026-08-28T05:03:50.103549931Z,0,alert_count,soil_health,soil_parcel_001
,_result,0,2026-08-28T05:04:55.54361436Z,0,alert_count,soil_health,soil_parcel_001
,_result,0,2026-08-28T05:06:01.014572416Z,0,alert_count,soil_health,soil_parcel_001
,_result,0,2026-08-28T05:07:06.267400192Z,0,alert_count,soil_health,soil_parcel_001
,_result,0,2026-08-28T05:08:11.706953409Z,0,alert_count,soil_health,soil_parcel_001
,_result,0,2026-08-28T05:09:19.238576823Z,1,alert_count,soil_health,soil_parcel_001
,_result,0,2026-08-28T05:10:24.687847824Z,1,alert_count,soil_health,soil_parcel_001
,_result,0,2026-08-28T05:11:31.30966015Z,1,alert_count,soil_health,soil_parcel_001
,_result,0,2026-08-28T05:12:36.929931107Z,1,alert_count,soil_health,soil_parcel_001
,_result,0,2026-08-28T05:13:44.688841102Z,1,alert_count,soil_health,soil_parcel_001
,_result,0,2026-08-28T05:14:52.354324447Z,1,alert_count,soil_health,soil_parcel_001
,_result,0,2026-08-28T05:15:58.355898016Z,1,alert_count,soil_health,soil_parcel_001
,_result,0,2026-08-28T05:17:03.93899347Z,1,alert_count,soil_health,soil_parcel_001
,_result,0,2026-08-28T05:18:09.218499693Z,1,alert_count,soil_health,soil_parcel_001
,_result,0,2026-08-28T05:19:14.874686889Z,1,alert_count,soil_health,soil_parcel_001
,_result,0,2026-08-28T05:20:20.934688964Z,1,alert_count,soil_health,soil_parcel_001
,_result,0,2026-08-28T05:21:27.292627359Z,1,alert_count,soil_health,soil_parcel_001
,_result,0,2026-08-28T05:22:34.148940449Z,1,alert_count,soil_health,soil_parcel_001
,_result,0,2026-08-28T05:23:39.530151167Z,1,alert_count,soil_health,soil_parcel_001
,_result,0,2026-08-28T05:24:44.958429478Z,1,alert_count,soil_health,soil_parcel_001
,_result,0,2026-08-28T05:25:50.792513491Z,1,alert_count,soil_health,soil_parcel_001
,_result,0,2026-08-28T05:26:56.948195217Z,1,alert_count,soil_health,soil_parcel_001
,_result,0,2026-08-28T05:28:02.437427899Z,1,alert_count,soil_health,soil_parcel_001
,_result,0,2026-08-28T05:29:07.498740207Z,1,alert_count,soil_health,soil_parcel_001
,_result,0,2026-08-28T05:30:13.28987488Z,1,alert_count,soil_health,soil_parcel_001
,_result,0,2026-08-28T05:31:18.446171812Z,1,alert_count,soil_health,soil_parcel_001
,_result,0,2026-08-28T05:32:25.115198038Z,1,alert_count,soil_health,soil_parcel_001
,_result,0,2026-08-28T05:33:30.193752072Z,1,alert_count,soil_health,soil_parcel_001
,_result,0,2026-08-28T05:34:35.547160567Z,1,alert_count,soil_health,soil_parcel_001
,_result,0,2026-08-28T05:35:40.742126377Z,1,alert_count,soil_health,soil_parcel_001
,_result,0,2026-08-28T05:36:45.853263385Z,1,alert_count,soil_health,soil_parcel_001
,_result,0,2026-08-28T05:37:51.088565998Z,1,alert_count,soil_health,soil_parcel_001
,_result,0,2026-08-28T05:38:56.585157931Z,1,alert_count,soil_health,soil_parcel_001
,_result,0,2026-08-28T05:40:02.510028139Z,1,alert_count,soil_health,soil_parcel_001
,_result,0,2026-08-28T05:41:07.795771553Z,1,alert_count,soil_health,soil_parcel_001
,_result,0,2026-08-28T05:42:13.555491123Z,1,alert_count,soil_health,soil_parcel_001
,_result,0,2026-08-28T05:43:19.003309869Z,1,alert_count,soil_health,soil_parcel_001
,_result,0,2026-08-28T05:44:24.401937332Z,1,alert_count,soil_health,soil_parcel_001
,_result,0,2026-08-28T05:45:29.601161367Z,1,alert_count,soil_health,soil_parcel_001
,_result,0,2026-08-28T05:46:34.865524468Z,1,alert_count,soil_health,soil_parcel_001
,_result,0,2026-08-28T05:47:39.986131934Z,1,alert_count,soil_health,soil_parcel_001
,_result,0,2026-08-28T05:48:44.966182118Z,1,alert_count,soil_health,soil_parcel_001
,_result,0,2026-08-28T05:49:50.240924842Z,1,alert_count,soil_health,soil_parcel_001
,_result,0,2026-08-28T05:50:55.361226672Z,1,alert_count,soil_health,soil_parcel_001
,_result,0,2026-08-28T05:52:01.271635664Z,1,alert_count,soil_health,soil_parcel_001
,_result,0,2026-08-28T05:53:06.534860228Z,1,alert_count,soil_health,soil_parcel_001
,_result,0,2026-08-28T05:54:12.196337615Z,1,alert_count,soil_health,soil_parcel_001
,_result,0,2026-08-28T05:55:18.305538266Z,1,alert_count,soil_health,soil_parcel_001
,_result,0,2026-08-28T05:56:25.583276674Z,1,alert_count,soil_health,soil_parcel_001
,_result,0,2026-08-28T05:57:32.49035289Z,1,alert_count,soil_health,soil_parcel_001
,_result,0,2026-08-28T05:58:38.560034483Z,1,alert_count,soil_health,soil_parcel_001
,_result,0,2026-08-28T05:59:44.355601916Z,1,alert_count,soil_health,soil_parcel_001
,_result,0,2026-08-28T06:00:51.624518078Z,1,alert_count,soil_health,soil_parcel_001
,_result,0,2026-08-28T06:01:58.196811157Z,1,alert_count,soil_health,soil_parcel_001
,_result,0,2026-08-28T06:03:04.823091679Z,1,alert_count,soil_health,soil_parcel_001
,_result,0,2026-08-28T06:04:10.861319978Z,1,alert_count,soil_health,soil_parcel_001
,_result,0,2026-08-28T06:05:16.331238336Z,1,alert_count,soil_health,soil_parcel_001
,_result,0,2026-08-28T06:06:21.594849178Z,1,alert_count,soil_health,soil_parcel_001
,_result,0,2026-08-28T06:07:26.793930024Z,1,alert_count,soil_health,soil_parcel_001
,_result,0,2026-08-28T06:08:32.067740512Z,1,alert_count,soil_health,soil_parcel_001
,_result,0,2026-08-28T06:09:37.29421112Z,1,alert_count,soil_health,soil_parcel_001
,_result,0,2026-08-28T06:10:42.61207249Z,1,alert_count,soil_health,soil_parcel_001
,_result,0,2026-08-28T06:11:48.354109104Z,1,alert_count,soil_health,soil_parcel_001
,_result,0,2026-08-28T06:12:53.657013438Z,1,alert_count,soil_health,soil_parcel_001
,_result,0,2026-08-28T06:13:58.870300768Z,1,alert_count,soil_health,soil_parcel_001
,_result,0,2026-08-28T06:15:04.119874097Z,1,alert_count,soil_health,soil_parcel_001
,_result,0,2026-08-28T06:16:09.568588208Z,1,alert_count,soil_health,soil_parcel_001
,_result,0,2026-08-28T06:17:15.023973924Z,1,alert_count,soil_health,soil_parcel_001
,_result,0,2026-08-28T06:18:20.126418577Z,1,alert_count,soil_health,soil_parcel_001
,_result,0,2026-08-28T06:19:25.254364392Z,1,alert_count,soil_health,soil_parcel_001
,_result,0,2026-08-28T06:20:30.52570288Z,1,alert_count,soil_health,soil_parcel_001
,_result,0,2026-08-28T06:21:36.182529182Z,1,alert_count,soil_health,soil_parcel_001
,_result,0,2026-08-28T06:22:41.897840692Z,1,alert_count,soil_health,soil_parcel_001
,_result,0,2026-08-28T06:23:47.660750477Z,1,alert_count,soil_health,soil_parcel_001
,_result,0,2026-08-28T06:24:53.637406433Z,1,alert_count,soil_health,soil_parcel_001
,_result,0,2026-08-28T06:25:59.904831501Z,1,alert_count,soil_health,soil_parcel_001
,_result,0,2026-08-28T06:27:05.126416858Z,1,alert_count,soil_health,soil_parcel_001
,_result,0,2026-08-28T06:28:10.186362544Z,1,alert_count,soil_health,soil_parcel_001
,_result,0,2026-08-28T06:29:15.956383905Z,1,alert_count,soil_health,soil_parcel_001
,_result,0,2026-08-28T06:30:21.171673188Z,1,alert_count,soil_health,soil_parcel_001
,_result,0,2026-08-28T06:31:26.56723979Z,1,alert_count,soil_health,soil_parcel_001
,_result,0,2026-08-28T06:32:31.721497958Z,1,alert_count,soil_health,soil_parcel_001
,_result,0,2026-08-28T06:33:36.807272711Z,1,alert_count,soil_health,soil_parcel_001
,_result,0,2026-08-28T06:34:42.141070085Z,1,alert_count,soil_health,soil_parcel_001
,_result,0,2026-08-28T06:35:47.290868433Z,1,alert_count,soil_health,soil_parcel_001
,_result,0,2026-08-28T06:36:52.457221395Z,1,alert_count,soil_health,soil_parcel_001
,_result,0,2026-08-28T06:37:57.497797989Z,1,alert_count,soil_health,soil_parcel_001
,_result,0,2026-08-28T06:39:02.745205166Z,1,alert_count,soil_health,soil_parcel_001
,_result,0,2026-08-28T06:40:08.513246856Z,1,alert_count,soil_health,soil_parcel_001
,_result,0,2026-08-28T06:41:13.734353874Z,1,alert_count,soil_health,soil_parcel_001
,_result,0,2026-08-28T06:42:18.924225868Z,1,alert_count,soil_health,soil_parcel_001
,_result,0,2026-08-28T06:43:24.308122076Z,1,alert_count,soil_health,soil_parcel_001
,_result,0,2026-08-28T06:44:29.666202803Z,1,alert_count,soil_health,soil_parcel_001
,_result,0,2026-08-28T06:45:34.817680132Z,1,alert_count,soil_health,soil_parcel_001
,_result,0,2026-08-28T06:46:40.967958272Z,1,alert_count,soil_health,soil_parcel_001
,_result,0,2026-08-28T06:47:47.665024083Z,1,alert_count,soil_health,soil_parcel_001
,_result,0,2026-08-28T06:48:52.914978031Z,1,alert_count,soil_health,soil_parcel_001
,_result,0,2026-08-28T06:50:00.378684518Z,1,alert_count,soil_health,soil_parcel_001
,_result,0,2026-08-28T06:51:07.174508509Z,1,alert_count,soil_health,soil_parcel_001
,_result,0,2026-08-28T06:52:13.180117568Z,1,alert_count,soil_health,soil_parcel_001
,_result,0,2026-08-28T06:53:18.481546148Z,1,alert_count,soil_health,soil_parcel_001
,_result,0,2026-08-28T06:54:24.036265115Z,1,alert_count,soil_health,soil_parcel_001
,_result,0,2026-08-28T06:55:29.279678204Z,1,alert_count,soil_health,soil_parcel_001
,_result,0,2026-08-28T06:56:34.677800771Z,1,alert_count,soil_health,soil_parcel_001
,_result,0,2026-08-28T06:57:39.901349889Z,1,alert_count,soil_health,soil_parcel_001
,_result,0,2026-08-28T06:58:45.242205228Z,1,alert_count,soil_health,soil_parcel_001
,_result,0,2026-08-28T06:59:50.545217266Z,1,alert_count,soil_health,soil_parcel_001
,_result,0,2026-08-28T07:01:45.421599738Z,0,alert_count,soil_health,soil_parcel_001
,_result,0,2026-08-28T07:02:49.907929188Z,0,alert_count,soil_health,soil_parcel_001
,_result,0,2026-08-28T07:03:53.998989276Z,0,alert_count,soil_health,soil_parcel_001
,_result,0,2026-08-28T07:04:58.03018361Z,0,alert_count,soil_health,soil_parcel_001
,_result,0,2026-08-28T07:06:02.218371083Z,0,alert_count,soil_health,soil_parcel_001
,_result,0,2026-08-28T07:07:06.241282907Z,0,alert_count,soil_health,soil_parcel_001
,_result,0,2026-08-28T07:08:10.214891048Z,0,alert_count,soil_health,soil_parcel_001
,_result,0,2026-08-28T07:09:14.395473134Z,0,alert_count,soil_health,soil_parcel_001
,_result,0,2026-08-28T07:10:18.463799577Z,0,alert_count,soil_health,soil_parcel_001
,_result,0,2026-08-28T07:11:23.032247364Z,0,alert_count,soil_health,soil_parcel_001
,_result,0,2026-08-28T07:12:27.057399315Z,0,alert_count,soil_health,soil_parcel_001
,_result,0,2026-08-28T07:13:31.072570622Z,0,alert_count,soil_health,soil_parcel_001
,_result,0,2026-08-28T07:14:35.019886956Z,0,alert_count,soil_health,soil_parcel_001
,_result,0,2026-08-28T07:15:38.964427902Z,0,alert_count,soil_health,soil_parcel_001
,_result,0,2026-08-28T07:16:43.387375471Z,0,alert_count,soil_health,soil_parcel_001
,_result,0,2026-08-28T07:17:47.543965394Z,0,alert_count,soil_health,soil_parcel_001
,_result,0,2026-08-28T07:18:51.527272393Z,0,alert_count,soil_health,soil_parcel_001
,_result,0,2026-08-28T07:19:55.461815057Z,0,alert_count,soil_health,soil_parcel_001
,_result,0,2026-08-28T07:36:05.22907969Z,0,alert_count,soil_health,soil_parcel_001
,_result,0,2026-08-28T08:22:20.370895749Z,0,alert_count,soil_health,soil_parcel_001
,_result,1,2026-08-28T04:38:07.717978056Z,0,crit_count,soil_health,soil_parcel_001
,_result,1,2026-08-28T04:39:11.811954403Z,0,crit_count,soil_health,soil_parcel_001
,_result,1,2026-08-28T04:40:16.018838363Z,0,crit_count,soil_health,soil_parcel_001
,_result,1,2026-08-28T04:41:20.10534612Z,0,crit_count,soil_health,soil_parcel_001
,_result,1,2026-08-28T04:42:24.262557915Z,0,crit_count,soil_health,soil_parcel_001
,_result,1,2026-08-28T04:43:28.423712317Z,0,crit_count,soil_health,soil_parcel_001
,_result,1,2026-08-28T04:44:32.924821244Z,0,crit_count,soil_health,soil_parcel_001
,_result,1,2026-08-28T04:45:37.320126778Z,0,crit_count,soil_health,soil_parcel_001
,_result,1,2026-08-28T04:46:41.377773495Z,0,crit_count,soil_health,soil_parcel_001
,_result,1,2026-08-28T04:47:45.852708827Z,0,crit_count,soil_health,soil_parcel_001
,_result,1,2026-08-28T04:48:50.354997252Z,0,crit_count,soil_health,soil_parcel_001
,_result,1,2026-08-28T04:49:54.608153014Z,0,crit_count,soil_health,soil_parcel_001
,_result,1,2026-08-28T04:51:47.642651922Z,0,crit_count,soil_health,soil_parcel_001
,_result,1,2026-08-28T04:52:53.970007338Z,0,crit_count,soil_health,soil_parcel_001
,_result,1,2026-08-28T04:53:59.212104813Z,0,crit_count,soil_health,soil_parcel_001
,_result,1,2026-08-28T04:55:04.375587191Z,0,crit_count,soil_health,soil_parcel_001
,_result,1,2026-08-28T04:56:09.705566266Z,0,crit_count,soil_health,soil_parcel_001
,_result,1,2026-08-28T04:57:15.36943368Z,0,crit_count,soil_health,soil_parcel_001
,_result,1,2026-08-28T04:58:22.698567203Z,0,crit_count,soil_health,soil_parcel_001
,_result,1,2026-08-28T04:59:27.791186955Z,0,crit_count,soil_health,soil_parcel_001
,_result,1,2026-08-28T05:00:33.642909492Z,0,crit_count,soil_health,soil_parcel_001
,_result,1,2026-08-28T05:01:39.840929012Z,0,crit_count,soil_health,soil_parcel_001
,_result,1,2026-08-28T05:02:44.989174427Z,0,crit_count,soil_health,soil_parcel_001
,_result,1,2026-08-28T05:03:50.103549931Z,0,crit_count,soil_health,soil_parcel_001
,_result,1,2026-08-28T05:04:55.54361436Z,0,crit_count,soil_health,soil_parcel_001
,_result,1,2026-08-28T05:06:01.014572416Z,0,crit_count,soil_health,soil_parcel_001
,_result,1,2026-08-28T05:07:06.267400192Z,0,crit_count,soil_health,soil_parcel_001
,_result,1,2026-08-28T05:08:11.706953409Z,0,crit_count,soil_health,soil_parcel_001
,_result,1,2026-08-28T05:09:19.238576823Z,0,crit_count,soil_health,soil_parcel_001
,_result,1,2026-08-28T05:10:24.687847824Z,0,crit_count,soil_health,soil_parcel_001
,_result,1,2026-08-28T05:11:31.30966015Z,0,crit_count,soil_health,soil_parcel_001
,_result,1,2026-08-28T05:12:36.929931107Z,0,crit_count,soil_health,soil_parcel_001
,_result,1,2026-08-28T05:13:44.688841102Z,0,crit_count,soil_health,soil_parcel_001
,_result,1,2026-08-28T05:14:52.354324447Z,0,crit_count,soil_health,soil_parcel_001
,_result,1,2026-08-28T05:15:58.355898016Z,0,crit_count,soil_health,soil_parcel_001
,_result,1,2026-08-28T05:17:03.93899347Z,0,crit_count,soil_health,soil_parcel_001
,_result,1,2026-08-28T05:18:09.218499693Z,0,crit_count,soil_health,soil_parcel_001
,_result,1,2026-08-28T05:19:14.874686889Z,0,crit_count,soil_health,soil_parcel_001
,_result,1,2026-08-28T05:20:20.934688964Z,0,crit_count,soil_health,soil_parcel_001
,_result,1,2026-08-28T05:21:27.292627359Z,0,crit_count,soil_health,soil_parcel_001
,_result,1,2026-08-28T05:22:34.148940449Z,0,crit_count,soil_health,soil_parcel_001
,_result,1,2026-08-28T05:23:39.530151167Z,0,crit_count,soil_health,soil_parcel_001
,_result,1,2026-08-28T05:24:44.958429478Z,0,crit_count,soil_health,soil_parcel_001
,_result,1,2026-08-28T05:25:50.792513491Z,0,crit_count,soil_health,soil_parcel_001
,_result,1,2026-08-28T05:26:56.948195217Z,0,crit_count,soil_health,soil_parcel_001
,_result,1,2026-08-28T05:28:02.437427899Z,0,crit_count,soil_health,soil_parcel_001
,_result,1,2026-08-28T05:29:07.498740207Z,0,crit_count,soil_health,soil_parcel_001
,_result,1,2026-08-28T05:30:13.28987488Z,0,crit_count,soil_health,soil_parcel_001
,_result,1,2026-08-28T05:31:18.446171812Z,0,crit_count,soil_health,soil_parcel_001
,_result,1,2026-08-28T05:32:25.115198038Z,0,crit_count,soil_health,soil_parcel_001
,_result,1,2026-08-28T05:33:30.193752072Z,0,crit_count,soil_health,soil_parcel_001
,_result,1,2026-08-28T05:34:35.547160567Z,0,crit_count,soil_health,soil_parcel_001
,_result,1,2026-08-28T05:35:40.742126377Z,0,crit_count,soil_health,soil_parcel_001
,_result,1,2026-08-28T05:36:45.853263385Z,0,crit_count,soil_health,soil_parcel_001
,_result,1,2026-08-28T05:37:51.088565998Z,0,crit_count,soil_health,soil_parcel_001
,_result,1,2026-08-28T05:38:56.585157931Z,0,crit_count,soil_health,soil_parcel_001
,_result,1,2026-08-28T05:40:02.510028139Z,0,crit_count,soil_health,soil_parcel_001
,_result,1,2026-08-28T05:41:07.795771553Z,0,crit_count,soil_health,soil_parcel_001
,_result,1,2026-08-28T05:42:13.555491123Z,0,crit_count,soil_health,soil_parcel_001
,_result,1,2026-08-28T05:43:19.003309869Z,0,crit_count,soil_health,soil_parcel_001
,_result,1,2026-08-28T05:44:24.401937332Z,0,crit_count,soil_health,soil_parcel_001
,_result,1,2026-08-28T05:45:29.601161367Z,0,crit_count,soil_health,soil_parcel_001
,_result,1,2026-08-28T05:46:34.865524468Z,0,crit_count,soil_health,soil_parcel_001
,_result,1,2026-08-28T05:47:39.986131934Z,0,crit_count,soil_health,soil_parcel_001
,_result,1,2026-08-28T05:48:44.966182118Z,0,crit_count,soil_health,soil_parcel_001
,_result,1,2026-08-28T05:49:50.240924842Z,0,crit_count,soil_health,soil_parcel_001
,_result,1,2026-08-28T05:50:55.361226672Z,0,crit_count,soil_health,soil_parcel_001
,_result,1,2026-08-28T05:52:01.271635664Z,0,crit_count,soil_health,soil_parcel_001
,_result,1,2026-08-28T05:53:06.534860228Z,0,crit_count,soil_health,soil_parcel_001
,_result,1,2026-08-28T05:54:12.196337615Z,0,crit_count,soil_health,soil_parcel_001
,_result,1,2026-08-28T05:55:18.305538266Z,0,crit_count,soil_health,soil_parcel_001
,_result,1,2026-08-28T05:56:25.583276674Z,0,crit_count,soil_health,soil_parcel_001
,_result,1,2026-08-28T05:57:32.49035289Z,0,crit_count,soil_health,soil_parcel_001
,_result,1,2026-08-28T05:58:38.560034483Z,0,crit_count,soil_health,soil_parcel_001
,_result,1,2026-08-28T05:59:44.355601916Z,0,crit_count,soil_health,soil_parcel_001
,_result,1,2026-08-28T06:00:51.624518078Z,0,crit_count,soil_health,soil_parcel_001
,_result,1,2026-08-28T06:01:58.196811157Z,0,crit_count,soil_health,soil_parcel_001
,_result,1,2026-08-28T06:03:04.823091679Z,0,crit_count,soil_health,soil_parcel_001
,_result,1,2026-08-28T06:04:10.861319978Z,0,crit_count,soil_health,soil_parcel_001
,_result,1,2026-08-28T06:05:16.331238336Z,0,crit_count,soil_health,soil_parcel_001
,_result,1,2026-08-28T06:06:21.594849178Z,0,crit_count,soil_health,soil_parcel_001
,_result,1,2026-08-28T06:07:26.793930024Z,0,crit_count,soil_health,soil_parcel_001
,_result,1,2026-08-28T06:08:32.067740512Z,0,crit_count,soil_health,soil_parcel_001
,_result,1,2026-08-28T06:09:37.29421112Z,0,crit_count,soil_health,soil_parcel_001
,_result,1,2026-08-28T06:10:42.61207249Z,0,crit_count,soil_health,soil_parcel_001
,_result,1,2026-08-28T06:11:48.354109104Z,0,crit_count,soil_health,soil_parcel_001
,_result,1,2026-08-28T06:12:53.657013438Z,0,crit_count,soil_health,soil_parcel_001
,_result,1,2026-08-28T06:13:58.870300768Z,0,crit_count,soil_health,soil_parcel_001
,_result,1,2026-08-28T06:15:04.119874097Z,0,crit_count,soil_health,soil_parcel_001
,_result,1,2026-08-28T06:16:09.568588208Z,0,crit_count,soil_health,soil_parcel_001
,_result,1,2026-08-28T06:17:15.023973924Z,0,crit_count,soil_health,soil_parcel_001
,_result,1,2026-08-28T06:18:20.126418577Z,0,crit_count,soil_health,soil_parcel_001
,_result,1,2026-08-28T06:19:25.254364392Z,0,crit_count,soil_health,soil_parcel_001
,_result,1,2026-08-28T06:20:30.52570288Z,0,crit_count,soil_health,soil_parcel_001
,_result,1,2026-08-28T06:21:36.182529182Z,0,crit_count,soil_health,soil_parcel_001
,_result,1,2026-08-28T06:22:41.897840692Z,0,crit_count,soil_health,soil_parcel_001
,_result,1,2026-08-28T06:23:47.660750477Z,0,crit_count,soil_health,soil_parcel_001
,_result,1,2026-08-28T06:24:53.637406433Z,0,crit_count,soil_health,soil_parcel_001
,_result,1,2026-08-28T06:25:59.904831501Z,0,crit_count,soil_health,soil_parcel_001
,_result,1,2026-08-28T06:27:05.126416858Z,0,crit_count,soil_health,soil_parcel_001
,_result,1,2026-08-28T06:28:10.186362544Z,0,crit_count,soil_health,soil_parcel_001
,_result,1,2026-08-28T06:29:15.956383905Z,0,crit_count,soil_health,soil_parcel_001
,_result,1,2026-08-28T06:30:21.171673188Z,0,crit_count,soil_health,soil_parcel_001
,_result,1,2026-08-28T06:31:26.56723979Z,0,crit_count,soil_health,soil_parcel_001
,_result,1,2026-08-28T06:32:31.721497958Z,0,crit_count,soil_health,soil_parcel_001
,_result,1,2026-08-28T06:33:36.807272711Z,0,crit_count,soil_health,soil_parcel_001
,_result,1,2026-08-28T06:34:42.141070085Z,0,crit_count,soil_health,soil_parcel_001
,_result,1,2026-08-28T06:35:47.290868433Z,0,crit_count,soil_health,soil_parcel_001
,_result,1,2026-08-28T06:36:52.457221395Z,0,crit_count,soil_health,soil_parcel_001
,_result,1,2026-08-28T06:37:57.497797989Z,0,crit_count,soil_health,soil_parcel_001
,_result,1,2026-08-28T06:39:02.745205166Z,0,crit_count,soil_health,soil_parcel_001
,_result,1,2026-08-28T06:40:08.513246856Z,0,crit_count,soil_health,soil_parcel_001
,_result,1,2026-08-28T06:41:13.734353874Z,0,crit_count,soil_health,soil_parcel_001
,_result,1,2026-08-28T06:42:18.924225868Z,0,crit_count,soil_health,soil_parcel_001
,_result,1,2026-08-28T06:43:24.308122076Z,0,crit_count,soil_health,soil_parcel_001
,_result,1,2026-08-28T06:44:29.666202803Z,0,crit_count,soil_health,soil_parcel_001
,_result,1,2026-08-28T06:45:34.817680132Z,0,crit_count,soil_health,soil_parcel_001
,_result,1,2026-08-28T06:46:40.967958272Z,0,crit_count,soil_health,soil_parcel_001
,_result,1,2026-08-28T06:47:47.665024083Z,0,crit_count,soil_health,soil_parcel_001
,_result,1,2026-08-28T06:48:52.914978031Z,0,crit_count,soil_health,soil_parcel_001
,_result,1,2026-08-28T06:50:00.378684518Z,0,crit_count,soil_health,soil_parcel_001
,_result,1,2026-08-28T06:51:07.174508509Z,0,crit_count,soil_health,soil_parcel_001
,_result,1,2026-08-28T06:52:13.180117568Z,0,crit_count,soil_health,soil_parcel_001
,_result,1,2026-08-28T06:53:18.481546148Z,0,crit_count,soil_health,soil_parcel_001
,_result,1,2026-08-28T06:54:24.036265115Z,0,crit_count,soil_health,soil_parcel_001
,_result,1,2026-08-28T06:55:29.279678204Z,0,crit_count,soil_health,soil_parcel_001
,_result,1,2026-08-28T06:56:34.677800771Z,0,crit_count,soil_health,soil_parcel_001
,_result,1,2026-08-28T06:57:39.901349889Z,0,crit_count,soil_health,soil_parcel_001
,_result,1,2026-08-28T06:58:45.242205228Z,0,crit_count,soil_health,soil_parcel_001
,_result,1,2026-08-28T06:59:50.545217266Z,0,crit_count,soil_health,soil_parcel_001
,_result,1,2026-08-28T07:01:45.421599738Z,0,crit_count,soil_health,soil_parcel_001
,_result,1,2026-08-28T07:02:49.907929188Z,0,crit_count,soil_health,soil_parcel_001
,_result,1,2026-08-28T07:03:53.998989276Z,0,crit_count,soil_health,soil_parcel_001
,_result,1,2026-08-28T07:04:58.03018361Z,0,crit_count,soil_health,soil_parcel_001
,_result,1,2026-08-28T07:06:02.218371083Z,0,crit_count,soil_health,soil_parcel_001
,_result,1,2026-08-28T07:07:06.241282907Z,0,crit_count,soil_health,soil_parcel_001
,_result,1,2026-08-28T07:08:10.214891048Z,0,crit_count,soil_health,soil_parcel_001
,_result,1,2026-08-28T07:09:14.395473134Z,0,crit_count,soil_health,soil_parcel_001
,_result,1,2026-08-28T07:10:18.463799577Z,0,crit_count,soil_health,soil_parcel_001
,_result,1,2026-08-28T07:11:23.032247364Z,0,crit_count,soil_health,soil_parcel_001
,_result,1,2026-08-28T07:12:27.057399315Z,0,crit_count,soil_health,soil_parcel_001
,_result,1,2026-08-28T07:13:31.072570622Z,0,crit_count,soil_health,soil_parcel_001
,_result,1,2026-08-28T07:14:35.019886956Z,0,crit_count,soil_health,soil_parcel_001
,_result,1,2026-08-28T07:15:38.964427902Z,0,crit_count,soil_health,soil_parcel_001
,_result,1,2026-08-28T07:16:43.387375471Z,0,crit_count,soil_health,soil_parcel_001
,_result,1,2026-08-28T07:17:47.543965394Z,0,crit_count,soil_health,soil_parcel_001
,_result,1,2026-08-28T07:18:51.527272393Z,0,crit_count,soil_health,soil_parcel_001
,_result,1,2026-08-28T07:19:55.461815057Z,0,crit_count,soil_health,soil_parcel_001
,_result,1,2026-08-28T07:36:05.22907969Z,0,crit_count,soil_health,soil_parcel_001
,_result,1,2026-08-28T08:22:20.370895749Z,0,crit_count,soil_health,soil_parcel_001
,_result,2,2026-08-28T04:38:07.717978056Z,0,depletion_count,soil_health,soil_parcel_001
,_result,2,2026-08-28T04:39:11.811954403Z,0,depletion_count,soil_health,soil_parcel_001
,_result,2,2026-08-28T04:40:16.018838363Z,0,depletion_count,soil_health,soil_parcel_001
,_result,2,2026-08-28T04:41:20.10534612Z,0,depletion_count,soil_health,soil_parcel_001
,_result,2,2026-08-28T04:42:24.262557915Z,0,depletion_count,soil_health,soil_parcel_001
,_result,2,2026-08-28T04:43:28.423712317Z,0,depletion_count,soil_health,soil_parcel_001
,_result,2,2026-08-28T04:44:32.924821244Z,0,depletion_count,soil_health,soil_parcel_001
,_result,2,2026-08-28T04:45:37.320126778Z,0,depletion_count,soil_health,soil_parcel_001
,_result,2,2026-08-28T04:46:41.377773495Z,0,depletion_count,soil_health,soil_parcel_001
,_result,2,2026-08-28T04:47:45.852708827Z,0,depletion_count,soil_health,soil_parcel_001
,_result,2,2026-08-28T04:48:50.354997252Z,0,depletion_count,soil_health,soil_parcel_001
,_result,2,2026-08-28T04:49:54.608153014Z,0,depletion_count,soil_health,soil_parcel_001
,_result,2,2026-08-28T04:51:47.642651922Z,0,depletion_count,soil_health,soil_parcel_001
,_result,2,2026-08-28T04:52:53.970007338Z,0,depletion_count,soil_health,soil_parcel_001
,_result,2,2026-08-28T04:53:59.212104813Z,0,depletion_count,soil_health,soil_parcel_001
,_result,2,2026-08-28T04:55:04.375587191Z,0,depletion_count,soil_health,soil_parcel_001
,_result,2,2026-08-28T04:56:09.705566266Z,0,depletion_count,soil_health,soil_parcel_001
,_result,2,2026-08-28T04:57:15.36943368Z,0,depletion_count,soil_health,soil_parcel_001
,_result,2,2026-08-28T04:58:22.698567203Z,0,depletion_count,soil_health,soil_parcel_001
,_result,2,2026-08-28T04:59:27.791186955Z,0,depletion_count,soil_health,soil_parcel_001
,_result,2,2026-08-28T05:00:33.642909492Z,0,depletion_count,soil_health,soil_parcel_001
,_result,2,2026-08-28T05:01:39.840929012Z,0,depletion_count,soil_health,soil_parcel_001
,_result,2,2026-08-28T05:02:44.989174427Z,0,depletion_count,soil_health,soil_parcel_001
,_result,2,2026-08-28T05:03:50.103549931Z,0,depletion_count,soil_health,soil_parcel_001
,_result,2,2026-08-28T05:04:55.54361436Z,0,depletion_count,soil_health,soil_parcel_001
,_result,2,2026-08-28T05:06:01.014572416Z,0,depletion_count,soil_health,soil_parcel_001
,_result,2,2026-08-28T05:07:06.267400192Z,0,depletion_count,soil_health,soil_parcel_001
,_result,2,2026-08-28T05:08:11.706953409Z,0,depletion_count,soil_health,soil_parcel_001
,_result,2,2026-08-28T05:09:19.238576823Z,1,depletion_count,soil_health,soil_parcel_001
,_result,2,2026-08-28T05:10:24.687847824Z,1,depletion_count,soil_health,soil_parcel_001
,_result,2,2026-08-28T05:11:31.30966015Z,1,depletion_count,soil_health,soil_parcel_001
,_result,2,2026-08-28T05:12:36.929931107Z,1,depletion_count,soil_health,soil_parcel_001
,_result,2,2026-08-28T05:13:44.688841102Z,1,depletion_count,soil_health,soil_parcel_001
,_result,2,2026-08-28T05:14:52.354324447Z,1,depletion_count,soil_health,soil_parcel_001
,_result,2,2026-08-28T05:15:58.355898016Z,1,depletion_count,soil_health,soil_parcel_001
,_result,2,2026-08-28T05:17:03.93899347Z,1,depletion_count,soil_health,soil_parcel_001
,_result,2,2026-08-28T05:18:09.218499693Z,1,depletion_count,soil_health,soil_parcel_001
,_result,2,2026-08-28T05:19:14.874686889Z,1,depletion_count,soil_health,soil_parcel_001
,_result,2,2026-08-28T05:20:20.934688964Z,1,depletion_count,soil_health,soil_parcel_001
,_result,2,2026-08-28T05:21:27.292627359Z,1,depletion_count,soil_health,soil_parcel_001
,_result,2,2026-08-28T05:22:34.148940449Z,1,depletion_count,soil_health,soil_parcel_001
,_result,2,2026-08-28T05:23:39.530151167Z,1,depletion_count,soil_health,soil_parcel_001
,_result,2,2026-08-28T05:24:44.958429478Z,1,depletion_count,soil_health,soil_parcel_001
,_result,2,2026-08-28T05:25:50.792513491Z,1,depletion_count,soil_health,soil_parcel_001
,_result,2,2026-08-28T05:26:56.948195217Z,1,depletion_count,soil_health,soil_parcel_001
,_result,2,2026-08-28T05:28:02.437427899Z,1,depletion_count,soil_health,soil_parcel_001
,_result,2,2026-08-28T05:29:07.498740207Z,1,depletion_count,soil_health,soil_parcel_001
,_result,2,2026-08-28T05:30:13.28987488Z,1,depletion_count,soil_health,soil_parcel_001
,_result,2,2026-08-28T05:31:18.446171812Z,1,depletion_count,soil_health,soil_parcel_001
,_result,2,2026-08-28T05:32:25.115198038Z,1,depletion_count,soil_health,soil_parcel_001
,_result,2,2026-08-28T05:33:30.193752072Z,1,depletion_count,soil_health,soil_parcel_001
,_result,2,2026-08-28T05:34:35.547160567Z,1,depletion_count,soil_health,soil_parcel_001
,_result,2,2026-08-28T05:35:40.742126377Z,1,depletion_count,soil_health,soil_parcel_001
,_result,2,2026-08-28T05:36:45.853263385Z,1,depletion_count,soil_health,soil_parcel_001
,_result,2,2026-08-28T05:37:51.088565998Z,1,depletion_count,soil_health,soil_parcel_001
,_result,2,2026-08-28T05:38:56.585157931Z,1,depletion_count,soil_health,soil_parcel_001
,_result,2,2026-08-28T05:40:02.510028139Z,1,depletion_count,soil_health,soil_parcel_001
,_result,2,2026-08-28T05:41:07.795771553Z,1,depletion_count,soil_health,soil_parcel_001
,_result,2,2026-08-28T05:42:13.555491123Z,1,depletion_count,soil_health,soil_parcel_001
,_result,2,2026-08-28T05:43:19.003309869Z,1,depletion_count,soil_health,soil_parcel_001
,_result,2,2026-08-28T05:44:24.401937332Z,1,depletion_count,soil_health,soil_parcel_001
,_result,2,2026-08-28T05:45:29.601161367Z,1,depletion_count,soil_health,soil_parcel_001
,_result,2,2026-08-28T05:46:34.865524468Z,1,depletion_count,soil_health,soil_parcel_001
,_result,2,2026-08-28T05:47:39.986131934Z,1,depletion_count,soil_health,soil_parcel_001
,_result,2,2026-08-28T05:48:44.966182118Z,1,depletion_count,soil_health,soil_parcel_001
,_result,2,2026-08-28T05:49:50.240924842Z,1,depletion_count,soil_health,soil_parcel_001
,_result,2,2026-08-28T05:50:55.361226672Z,1,depletion_count,soil_health,soil_parcel_001
,_result,2,2026-08-28T05:52:01.271635664Z,1,depletion_count,soil_health,soil_parcel_001
,_result,2,2026-08-28T05:53:06.534860228Z,1,depletion_count,soil_health,soil_parcel_001
,_result,2,2026-08-28T05:54:12.196337615Z,1,depletion_count,soil_health,soil_parcel_001
,_result,2,2026-08-28T05:55:18.305538266Z,1,depletion_count,soil_health,soil_parcel_001
,_result,2,2026-08-28T05:56:25.583276674Z,1,depletion_count,soil_health,soil_parcel_001
,_result,2,2026-08-28T05:57:32.49035289Z,1,depletion_count,soil_health,soil_parcel_001
,_result,2,2026-08-28T05:58:38.560034483Z,1,depletion_count,soil_health,soil_parcel_001
,_result,2,2026-08-28T05:59:44.355601916Z,1,depletion_count,soil_health,soil_parcel_001
,_result,2,2026-08-28T06:00:51.624518078Z,1,depletion_count,soil_health,soil_parcel_001
,_result,2,2026-08-28T06:01:58.196811157Z,1,depletion_count,soil_health,soil_parcel_001
,_result,2,2026-08-28T06:03:04.823091679Z,1,depletion_count,soil_health,soil_parcel_001
,_result,2,2026-08-28T06:04:10.861319978Z,1,depletion_count,soil_health,soil_parcel_001
,_result,2,2026-08-28T06:05:16.331238336Z,1,depletion_count,soil_health,soil_parcel_001
,_result,2,2026-08-28T06:06:21.594849178Z,1,depletion_count,soil_health,soil_parcel_001
,_result,2,2026-08-28T06:07:26.793930024Z,1,depletion_count,soil_health,soil_parcel_001
,_result,2,2026-08-28T06:08:32.067740512Z,1,depletion_count,soil_health,soil_parcel_001
,_result,2,2026-08-28T06:09:37.29421112Z,1,depletion_count,soil_health,soil_parcel_001
,_result,2,2026-08-28T06:10:42.61207249Z,1,depletion_count,soil_health,soil_parcel_001
,_result,2,2026-08-28T06:11:48.354109104Z,1,depletion_count,soil_health,soil_parcel_001
,_result,2,2026-08-28T06:12:53.657013438Z,1,depletion_count,soil_health,soil_parcel_001
,_result,2,2026-08-28T06:13:58.870300768Z,1,depletion_count,soil_health,soil_parcel_001
,_result,2,2026-08-28T06:15:04.119874097Z,1,depletion_count,soil_health,soil_parcel_001
,_result,2,2026-08-28T06:16:09.568588208Z,1,depletion_count,soil_health,soil_parcel_001
,_result,2,2026-08-28T06:17:15.023973924Z,1,depletion_count,soil_health,soil_parcel_001
,_result,2,2026-08-28T06:18:20.126418577Z,1,depletion_count,soil_health,soil_parcel_001
,_result,2,2026-08-28T06:19:25.254364392Z,1,depletion_count,soil_health,soil_parcel_001
,_result,2,2026-08-28T06:20:30.52570288Z,1,depletion_count,soil_health,soil_parcel_001
,_result,2,2026-08-28T06:21:36.182529182Z,1,depletion_count,soil_health,soil_parcel_001
,_result,2,2026-08-28T06:22:41.897840692Z,1,depletion_count,soil_health,soil_parcel_001
,_result,2,2026-08-28T06:23:47.660750477Z,1,depletion_count,soil_health,soil_parcel_001
,_result,2,2026-08-28T06:24:53.637406433Z,1,depletion_count,soil_health,soil_parcel_001
,_result,2,2026-08-28T06:25:59.904831501Z,1,depletion_count,soil_health,soil_parcel_001
,_result,2,2026-08-28T06:27:05.126416858Z,1,depletion_count,soil_health,soil_parcel_001
,_result,2,2026-08-28T06:28:10.186362544Z,1,depletion_count,soil_health,soil_parcel_001
,_result,2,2026-08-28T06:29:15.956383905Z,1,depletion_count,soil_health,soil_parcel_001
,_result,2,2026-08-28T06:30:21.171673188Z,1,depletion_count,soil_health,soil_parcel_001
,_result,2,2026-08-28T06:31:26.56723979Z,1,depletion_count,soil_health,soil_parcel_001
,_result,2,2026-08-28T06:32:31.721497958Z,1,depletion_count,soil_health,soil_parcel_001
,_result,2,2026-08-28T06:33:36.807272711Z,1,depletion_count,soil_health,soil_parcel_001
,_result,2,2026-08-28T06:34:42.141070085Z,1,depletion_count,soil_health,soil_parcel_001
,_result,2,2026-08-28T06:35:47.290868433Z,1,depletion_count,soil_health,soil_parcel_001
,_result,2,2026-08-28T06:36:52.457221395Z,1,depletion_count,soil_health,soil_parcel_001
,_result,2,2026-08-28T06:37:57.497797989Z,1,depletion_count,soil_health,soil_parcel_001
,_result,2,2026-08-28T06:39:02.745205166Z,1,depletion_count,soil_health,soil_parcel_001
,_result,2,2026-08-28T06:40:08.513246856Z,1,depletion_count,soil_health,soil_parcel_001
,_result,2,2026-08-28T06:41:13.734353874Z,1,depletion_count,soil_health,soil_parcel_001
,_result,2,2026-08-28T06:42:18.924225868Z,1,depletion_count,soil_health,soil_parcel_001
,_result,2,2026-08-28T06:43:24.308122076Z,1,depletion_count,soil_health,soil_parcel_001
,_result,2,2026-08-28T06:44:29.666202803Z,1,depletion_count,soil_health,soil_parcel_001
,_result,2,2026-08-28T06:45:34.817680132Z,1,depletion_count,soil_health,soil_parcel_001
,_result,2,2026-08-28T06:46:40.967958272Z,1,depletion_count,soil_health,soil_parcel_001
,_result,2,2026-08-28T06:47:47.665024083Z,1,depletion_count,soil_health,soil_parcel_001
,_result,2,2026-08-28T06:48:52.914978031Z,1,depletion_count,soil_health,soil_parcel_001
,_result,2,2026-08-28T06:50:00.378684518Z,1,depletion_count,soil_health,soil_parcel_001
,_result,2,2026-08-28T06:51:07.174508509Z,1,depletion_count,soil_health,soil_parcel_001
,_result,2,2026-08-28T06:52:13.180117568Z,1,depletion_count,soil_health,soil_parcel_001
,_result,2,2026-08-28T06:53:18.481546148Z,1,depletion_count,soil_health,soil_parcel_001
,_result,2,2026-08-28T06:54:24.036265115Z,1,depletion_count,soil_health,soil_parcel_001
,_result,2,2026-08-28T06:55:29.279678204Z,1,depletion_count,soil_health,soil_parcel_001
,_result,2,2026-08-28T06:56:34.677800771Z,1,depletion_count,soil_health,soil_parcel_001
,_result,2,2026-08-28T06:57:39.901349889Z,1,depletion_count,soil_health,soil_parcel_001
,_result,2,2026-08-28T06:58:45.242205228Z,1,depletion_count,soil_health,soil_parcel_001
,_result,2,2026-08-28T06:59:50.545217266Z,1,depletion_count,soil_health,soil_parcel_001
,_result,2,2026-08-28T07:01:45.421599738Z,0,depletion_count,soil_health,soil_parcel_001
,_result,2,2026-08-28T07:02:49.907929188Z,0,depletion_count,soil_health,soil_parcel_001
,_result,2,2026-08-28T07:03:53.998989276Z,0,depletion_count,soil_health,soil_parcel_001
,_result,2,2026-08-28T07:04:58.03018361Z,0,depletion_count,soil_health,soil_parcel_001
,_result,2,2026-08-28T07:06:02.218371083Z,0,depletion_count,soil_health,soil_parcel_001
,_result,2,2026-08-28T07:07:06.241282907Z,0,depletion_count,soil_health,soil_parcel_001
,_result,2,2026-08-28T07:08:10.214891048Z,0,depletion_count,soil_health,soil_parcel_001
,_result,2,2026-08-28T07:09:14.395473134Z,0,depletion_count,soil_health,soil_parcel_001
,_result,2,2026-08-28T07:10:18.463799577Z,0,depletion_count,soil_health,soil_parcel_001
,_result,2,2026-08-28T07:11:23.032247364Z,0,depletion_count,soil_health,soil_parcel_001
,_result,2,2026-08-28T07:12:27.057399315Z,0,depletion_count,soil_health,soil_parcel_001
,_result,2,2026-08-28T07:13:31.072570622Z,0,depletion_count,soil_health,soil_parcel_001
,_result,2,2026-08-28T07:14:35.019886956Z,0,depletion_count,soil_health,soil_parcel_001
,_result,2,2026-08-28T07:15:38.964427902Z,0,depletion_count,soil_health,soil_parcel_001
,_result,2,2026-08-28T07:16:43.387375471Z,0,depletion_count,soil_health,soil_parcel_001
,_result,2,2026-08-28T07:17:47.543965394Z,0,depletion_count,soil_health,soil_parcel_001
,_result,2,2026-08-28T07:18:51.527272393Z,0,depletion_count,soil_health,soil_parcel_001
,_result,2,2026-08-28T07:19:55.461815057Z,0,depletion_count,soil_health,soil_parcel_001
,_result,2,2026-08-28T07:36:05.22907969Z,0,depletion_count,soil_health,soil_parcel_001
,_result,2,2026-08-28T08:22:20.370895749Z,0,depletion_count,soil_health,soil_parcel_001
,_result,3,2026-08-28T05:30:36.684718877Z,-26.86,res_soil_moisture_pct,soil_residuals,soil_parcel_001
,_result,3,2026-08-28T06:30:41.911954403Z,-18.8,res_soil_moisture_pct,soil_residuals,soil_parcel_001
,_result,4,2026-08-28T05:30:34.27438745Z,421.8,sim_mb_mg_c_kg,soil_simulation,soil_parcel_001
,_result,4,2026-08-28T06:30:39.850391049Z,421.9,sim_mb_mg_c_kg,soil_simulation,soil_parcel_001
,_result,5,2026-08-28T05:30:34.27438745Z,26.86,sim_moisture_pct,soil_simulation,soil_parcel_001
,_result,5,2026-08-28T06:30:39.850391049Z,18.8,sim_moisture_pct,soil_simulation,soil_parcel_001
,_result,6,2026-08-28T05:30:34.27438745Z,18.18,sim_nitrogen_ppm,soil_simulation,soil_parcel_001
,_result,6,2026-08-28T06:30:39.850391049Z,18.11,sim_nitrogen_ppm,soil_simulation,soil_parcel_001
,_result,7,2026-08-28T05:30:34.27438745Z,2.999,sim_om_pct,soil_simulation,soil_parcel_001
,_result,7,2026-08-28T06:30:39.850391049Z,2.999,sim_om_pct,soil_simulation,soil_parcel_001
,_result,8,2026-08-28T05:30:34.27438745Z,6.199,sim_ph,soil_simulation,soil_parcel_001
,_result,8,2026-08-28T06:30:39.850391049Z,6.199,sim_ph,soil_simulation,soil_parcel_001
,_result,9,2026-08-28T05:30:34.27438745Z,62,sim_respiration,soil_simulation,soil_parcel_001
,_result,9,2026-08-28T06:30:39.850391049Z,62,sim_respiration,soil_simulation,soil_parcel_001
,_result,10,2026-08-28T04:38:06.276264515Z,100,soil_health_score,soil_processed,soil_parcel_001
,_result,10,2026-08-28T04:39:10.901183957Z,100,soil_health_score,soil_processed,soil_parcel_001
,_result,10,2026-08-28T04:40:14.691584729Z,100,soil_health_score,soil_processed,soil_parcel_001
,_result,10,2026-08-28T04:41:18.508790225Z,100,soil_health_score,soil_processed,soil_parcel_001
,_result,10,2026-08-28T04:42:22.379603751Z,100,soil_health_score,soil_processed,soil_parcel_001
,_result,10,2026-08-28T04:43:26.20305257Z,100,soil_health_score,soil_processed,soil_parcel_001
,_result,10,2026-08-28T04:44:29.781679135Z,100,soil_health_score,soil_processed,soil_parcel_001
,_result,10,2026-08-28T04:45:33.458519763Z,100,soil_health_score,soil_processed,soil_parcel_001
,_result,10,2026-08-28T04:46:37.516162104Z,100,soil_health_score,soil_processed,soil_parcel_001
,_result,10,2026-08-28T04:47:41.637737391Z,100,soil_health_score,soil_processed,soil_parcel_001
,_result,10,2026-08-28T04:48:45.345281828Z,100,soil_health_score,soil_processed,soil_parcel_001
,_result,10,2026-08-28T04:49:49.057039548Z,100,soil_health_score,soil_processed,soil_parcel_001
,_result,10,2026-08-28T04:51:41.81445321Z,100,soil_health_score,soil_processed,soil_parcel_001
,_result,10,2026-08-28T04:52:47.482145543Z,100,soil_health_score,soil_processed,soil_parcel_001
,_result,10,2026-08-28T04:53:52.245841565Z,100,soil_health_score,soil_processed,soil_parcel_001
,_result,10,2026-08-28T04:54:58.508617599Z,100,soil_health_score,soil_processed,soil_parcel_001
,_result,10,2026-08-28T04:56:03.245222674Z,100,soil_health_score,soil_processed,soil_parcel_001
,_result,10,2026-08-28T04:57:07.975167235Z,100,soil_health_score,soil_processed,soil_parcel_001
,_result,10,2026-08-28T04:58:12.71443391Z,100,soil_health_score,soil_processed,soil_parcel_001
,_result,10,2026-08-28T04:59:17.514154614Z,100,soil_health_score,soil_processed,soil_parcel_001
,_result,10,2026-08-28T05:00:23.222491066Z,100,soil_health_score,soil_processed,soil_parcel_001
,_result,10,2026-08-28T05:01:28.559211028Z,100,soil_health_score,soil_processed,soil_parcel_001
,_result,10,2026-08-28T05:02:34.599069417Z,100,soil_health_score,soil_processed,soil_parcel_001
,_result,10,2026-08-28T05:03:39.284506107Z,100,soil_health_score,soil_processed,soil_parcel_001
,_result,10,2026-08-28T05:04:44.371414583Z,100,soil_health_score,soil_processed,soil_parcel_001
,_result,10,2026-08-28T05:05:49.176550958Z,100,soil_health_score,soil_processed,soil_parcel_001
,_result,10,2026-08-28T05:06:53.991709986Z,100,soil_health_score,soil_processed,soil_parcel_001
,_result,10,2026-08-28T05:07:58.871252019Z,100,soil_health_score,soil_processed,soil_parcel_001
,_result,10,2026-08-28T05:09:03.60336311Z,90,soil_health_score,soil_processed,soil_parcel_001
,_result,10,2026-08-28T05:10:09.827191403Z,90,soil_health_score,soil_processed,soil_parcel_001
,_result,10,2026-08-28T05:11:15.563010854Z,90,soil_health_score,soil_processed,soil_parcel_001
,_result,10,2026-08-28T05:12:21.86917148Z,90,soil_health_score,soil_processed,soil_parcel_001
,_result,10,2026-08-28T05:13:28.452556176Z,90,soil_health_score,soil_processed,soil_parcel_001
,_result,10,2026-08-28T05:14:37.178891361Z,90,soil_health_score,soil_processed,soil_parcel_001
,_result,10,2026-08-28T05:15:43.829552487Z,90,soil_health_score,soil_processed,soil_parcel_001
,_result,10,2026-08-28T05:16:49.622537216Z,90,soil_health_score,soil_processed,soil_parcel_001
,_result,10,2026-08-28T05:17:55.070740052Z,90,soil_health_score,soil_processed,soil_parcel_001
,_result,10,2026-08-28T05:19:00.646088372Z,90,soil_health_score,soil_processed,soil_parcel_001
,_result,10,2026-08-28T05:20:06.645081726Z,90,soil_health_score,soil_processed,soil_parcel_001
,_result,10,2026-08-28T05:21:13.068021672Z,90,soil_health_score,soil_processed,soil_parcel_001
,_result,10,2026-08-28T05:22:18.920253162Z,90,soil_health_score,soil_processed,soil_parcel_001
,_result,10,2026-08-28T05:23:24.660530666Z,90,soil_health_score,soil_processed,soil_parcel_001
,_result,10,2026-08-28T05:24:30.117858061Z,90,soil_health_score,soil_processed,soil_parcel_001
,_result,10,2026-08-28T05:25:35.435488142Z,90,soil_health_score,soil_processed,soil_parcel_001
,_result,10,2026-08-28T05:26:41.205473285Z,90,soil_health_score,soil_processed,soil_parcel_001
,_result,10,2026-08-28T05:27:46.818188623Z,90,soil_health_score,soil_processed,soil_parcel_001
,_result,10,2026-08-28T05:28:52.398300605Z,90,soil_health_score,soil_processed,soil_parcel_001
,_result,10,2026-08-28T05:29:57.663198098Z,90,soil_health_score,soil_processed,soil_parcel_001
,_result,10,2026-08-28T05:31:04.150922219Z,90,soil_health_score,soil_processed,soil_parcel_001
,_result,10,2026-08-28T05:32:09.980793983Z,90,soil_health_score,soil_processed,soil_parcel_001
,_result,10,2026-08-28T05:33:15.294112881Z,90,soil_health_score,soil_processed,soil_parcel_001
,_result,10,2026-08-28T05:34:20.666876052Z,90,soil_health_score,soil_processed,soil_parcel_001
,_result,10,2026-08-28T05:35:25.773266834Z,90,soil_health_score,soil_processed,soil_parcel_001
,_result,10,2026-08-28T05:36:31.135599684Z,90,soil_health_score,soil_processed,soil_parcel_001
,_result,10,2026-08-28T05:37:36.69130304Z,90,soil_health_score,soil_processed,soil_parcel_001
,_result,10,2026-08-28T05:38:42.789863318Z,90,soil_health_score,soil_processed,soil_parcel_001
,_result,10,2026-08-28T05:39:48.460294261Z,90,soil_health_score,soil_processed,soil_parcel_001
,_result,10,2026-08-28T05:40:54.280692282Z,90,soil_health_score,soil_processed,soil_parcel_001
,_result,10,2026-08-28T05:41:59.860760303Z,90,soil_health_score,soil_processed,soil_parcel_001
,_result,10,2026-08-28T05:43:05.727488212Z,90,soil_health_score,soil_processed,soil_parcel_001
,_result,10,2026-08-28T05:44:11.409662255Z,90,soil_health_score,soil_processed,soil_parcel_001
,_result,10,2026-08-28T05:45:16.707091559Z,90,soil_health_score,soil_processed,soil_parcel_001
,_result,10,2026-08-28T05:46:22.036281023Z,90,soil_health_score,soil_processed,soil_parcel_001
,_result,10,2026-08-28T05:47:28.041128149Z,90,soil_health_score,soil_processed,soil_parcel_001
,_result,10,2026-08-28T05:48:33.361305419Z,100,soil_health_score,soil_processed,soil_parcel_001
,_result,10,2026-08-28T05:49:38.72192391Z,90,soil_health_score,soil_processed,soil_parcel_001
,_result,10,2026-08-28T05:50:44.032186878Z,90,soil_health_score,soil_processed,soil_parcel_001
,_result,10,2026-08-28T05:51:49.854780146Z,90,soil_health_score,soil_processed,soil_parcel_001
,_result,10,2026-08-28T05:52:55.34240694Z,90,soil_health_score,soil_processed,soil_parcel_001
,_result,10,2026-08-28T05:54:00.787048611Z,90,soil_health_score,soil_processed,soil_parcel_001
,_result,10,2026-08-28T05:55:07.010872264Z,90,soil_health_score,soil_processed,soil_parcel_001
,_result,10,2026-08-28T05:56:13.966225606Z,90,soil_health_score,soil_processed,soil_parcel_001
,_result,10,2026-08-28T05:57:20.249235387Z,90,soil_health_score,soil_processed,soil_parcel_001
,_result,10,2026-08-28T05:58:27.77057773Z,90,soil_health_score,soil_processed,soil_parcel_001
,_result,10,2026-08-28T05:59:33.976704346Z,90,soil_health_score,soil_processed,soil_parcel_001
,_result,10,2026-08-28T06:00:42.729422516Z,90,soil_health_score,soil_processed,soil_parcel_001
,_result,10,2026-08-28T06:01:48.261776459Z,90,soil_health_score,soil_processed,soil_parcel_001
,_result,10,2026-08-28T06:02:59.090509819Z,90,soil_health_score,soil_processed,soil_parcel_001
,_result,10,2026-08-28T06:04:05.707883673Z,90,soil_health_score,soil_processed,soil_parcel_001
,_result,10,2026-08-28T06:05:11.151634164Z,90,soil_health_score,soil_processed,soil_parcel_001
,_result,10,2026-08-28T06:06:16.543728637Z,90,soil_health_score,soil_processed,soil_parcel_001
,_result,10,2026-08-28T06:07:21.923581334Z,90,soil_health_score,soil_processed,soil_parcel_001
,_result,10,2026-08-28T06:08:27.320538368Z,90,soil_health_score,soil_processed,soil_parcel_001
,_result,10,2026-08-28T06:09:35.124297922Z,90,soil_health_score,soil_processed,soil_parcel_001
,_result,10,2026-08-28T06:10:40.530889673Z,90,soil_health_score,soil_processed,soil_parcel_001
,_result,10,2026-08-28T06:11:45.944411418Z,90,soil_health_score,soil_processed,soil_parcel_001
,_result,10,2026-08-28T06:12:51.295318569Z,90,soil_health_score,soil_processed,soil_parcel_001
,_result,10,2026-08-28T06:13:56.530744036Z,90,soil_health_score,soil_processed,soil_parcel_001
,_result,10,2026-08-28T06:15:02.114356547Z,90,soil_health_score,soil_processed,soil_parcel_001
,_result,10,2026-08-28T06:16:07.641817392Z,90,soil_health_score,soil_processed,soil_parcel_001
,_result,10,2026-08-28T06:17:13.14375978Z,90,soil_health_score,soil_processed,soil_parcel_001
,_result,10,2026-08-28T06:18:18.406505799Z,90,soil_health_score,soil_processed,soil_parcel_001
,_result,10,2026-08-28T06:19:23.769150648Z,90,soil_health_score,soil_processed,soil_parcel_001
,_result,10,2026-08-28T06:20:29.004586832Z,90,soil_health_score,soil_processed,soil_parcel_001
,_result,10,2026-08-28T06:21:35.18305454Z,90,soil_health_score,soil_processed,soil_parcel_001
,_result,10,2026-08-28T06:22:41.505534476Z,90,soil_health_score,soil_processed,soil_parcel_001
,_result,10,2026-08-28T06:23:47.331819906Z,90,soil_health_score,soil_processed,soil_parcel_001
,_result,10,2026-08-28T06:24:53.482753245Z,90,soil_health_score,soil_processed,soil_parcel_001
,_result,10,2026-08-28T06:25:59.664935896Z,90,soil_health_score,soil_processed,soil_parcel_001
,_result,10,2026-08-28T06:27:05.069138141Z,90,soil_health_score,soil_processed,soil_parcel_001
,_result,10,2026-08-28T06:28:10.451787395Z,90,soil_health_score,soil_processed,soil_parcel_001
,_result,10,2026-08-28T06:29:16.259135618Z,90,soil_health_score,soil_processed,soil_parcel_001
,_result,10,2026-08-28T06:30:21.844737385Z,90,soil_health_score,soil_processed,soil_parcel_001
,_result,10,2026-08-28T06:31:27.116838675Z,90,soil_health_score,soil_processed,soil_parcel_001
,_result,10,2026-08-28T06:32:32.82887562Z,90,soil_health_score,soil_processed,soil_parcel_001
,_result,10,2026-08-28T06:33:38.511257074Z,90,soil_health_score,soil_processed,soil_parcel_001
,_result,10,2026-08-28T06:34:43.905217631Z,90,soil_health_score,soil_processed,soil_parcel_001
,_result,10,2026-08-28T06:35:49.511898813Z,90,soil_health_score,soil_processed,soil_parcel_001
,_result,10,2026-08-28T06:36:54.783304382Z,90,soil_health_score,soil_processed,soil_parcel_001
,_result,10,2026-08-28T06:38:00.341205463Z,90,soil_health_score,soil_processed,soil_parcel_001
,_result,10,2026-08-28T06:39:05.664137259Z,90,soil_health_score,soil_processed,soil_parcel_001
,_result,10,2026-08-28T06:40:11.013420405Z,90,soil_health_score,soil_processed,soil_parcel_001
,_result,10,2026-08-28T06:41:16.374642693Z,90,soil_health_score,soil_processed,soil_parcel_001
,_result,10,2026-08-28T06:42:21.797783686Z,90,soil_health_score,soil_processed,soil_parcel_001
,_result,10,2026-08-28T06:43:27.880635748Z,90,soil_health_score,soil_processed,soil_parcel_001
,_result,10,2026-08-28T06:44:33.240140421Z,90,soil_health_score,soil_processed,soil_parcel_001
,_result,10,2026-08-28T06:45:39.215966588Z,90,soil_health_score,soil_processed,soil_parcel_001
,_result,10,2026-08-28T06:46:44.621429835Z,90,soil_health_score,soil_processed,soil_parcel_001
,_result,10,2026-08-28T06:47:50.980430125Z,90,soil_health_score,soil_processed,soil_parcel_001
,_result,10,2026-08-28T06:48:56.284439096Z,90,soil_health_score,soil_processed,soil_parcel_001
,_result,10,2026-08-28T06:50:02.595134793Z,90,soil_health_score,soil_processed,soil_parcel_001
,_result,10,2026-08-28T06:51:09.049799894Z,90,soil_health_score,soil_processed,soil_parcel_001
,_result,10,2026-08-28T06:52:14.945156763Z,90,soil_health_score,soil_processed,soil_parcel_001
,_result,10,2026-08-28T06:53:20.421973382Z,90,soil_health_score,soil_processed,soil_parcel_001
,_result,10,2026-08-28T06:54:26.648705002Z,90,soil_health_score,soil_processed,soil_parcel_001
,_result,10,2026-08-28T06:55:32.446659922Z,90,soil_health_score,soil_processed,soil_parcel_001
,_result,10,2026-08-28T06:56:37.601290957Z,90,soil_health_score,soil_processed,soil_parcel_001
,_result,10,2026-08-28T06:57:42.840425846Z,90,soil_health_score,soil_processed,soil_parcel_001
,_result,10,2026-08-28T06:58:48.060505884Z,90,soil_health_score,soil_processed,soil_parcel_001
,_result,10,2026-08-28T06:59:53.610717312Z,90,soil_health_score,soil_processed,soil_parcel_001
,_result,10,2026-08-28T07:01:51.541549055Z,100,soil_health_score,soil_processed,soil_parcel_001
,_result,10,2026-08-28T07:02:55.52168076Z,90,soil_health_score,soil_processed,soil_parcel_001
,_result,10,2026-08-28T07:04:00.157433788Z,90,soil_health_score,soil_processed,soil_parcel_001
,_result,10,2026-08-28T07:05:05.224857342Z,90,soil_health_score,soil_processed,soil_parcel_001
,_result,10,2026-08-28T07:06:09.593641922Z,90,soil_health_score,soil_processed,soil_parcel_001
,_result,10,2026-08-28T07:07:14.180366327Z,100,soil_health_score,soil_processed,soil_parcel_001
,_result,10,2026-08-28T07:08:17.904127021Z,100,soil_health_score,soil_processed,soil_parcel_001
,_result,10,2026-08-28T07:09:21.79786353Z,100,soil_health_score,soil_processed,soil_parcel_001
,_result,10,2026-08-28T07:10:25.551300632Z,100,soil_health_score,soil_processed,soil_parcel_001
,_result,10,2026-08-28T07:11:29.97159048Z,100,soil_health_score,soil_processed,soil_parcel_001
,_result,10,2026-08-28T07:12:34.066621148Z,100,soil_health_score,soil_processed,soil_parcel_001
,_result,10,2026-08-28T07:13:37.736215381Z,100,soil_health_score,soil_processed,soil_parcel_001
,_result,10,2026-08-28T07:14:41.558521411Z,100,soil_health_score,soil_processed,soil_parcel_001
,_result,10,2026-08-28T07:15:45.828679168Z,100,soil_health_score,soil_processed,soil_parcel_001
,_result,10,2026-08-28T07:16:49.760739305Z,100,soil_health_score,soil_processed,soil_parcel_001
,_result,10,2026-08-28T07:17:53.75196955Z,100,soil_health_score,soil_processed,soil_parcel_001
,_result,10,2026-08-28T07:18:57.555631739Z,100,soil_health_score,soil_processed,soil_parcel_001
,_result,10,2026-08-28T07:20:01.595641933Z,100,soil_health_score,soil_processed,soil_parcel_001
,_result,10,2026-08-28T07:36:09.895421861Z,100,soil_health_score,soil_processed,soil_parcel_001
,_result,10,2026-08-28T08:22:22.477636545Z,100,soil_health_score,soil_processed,soil_parcel_001
,_result,11,2026-08-28T05:08:15.193962046Z,0,soil_moisture_pct,soil_telemetry,soil_parcel_001
,_result,11,2026-08-28T05:08:26.683930208Z,0,soil_moisture_pct,soil_telemetry,soil_parcel_001
,_result,11,2026-08-28T05:08:34.425765576Z,0,soil_moisture_pct,soil_telemetry,soil_parcel_001
,_result,11,2026-08-28T05:08:44.590207902Z,0,soil_moisture_pct,soil_telemetry,soil_parcel_001
,_result,11,2026-08-28T05:08:54.843620292Z,0,soil_moisture_pct,soil_telemetry,soil_parcel_001
,_result,11,2026-08-28T05:09:05.295566084Z,0,soil_moisture_pct,soil_telemetry,soil_parcel_001
,_result,11,2026-08-28T05:09:15.425166857Z,0,soil_moisture_pct,soil_telemetry,soil_parcel_001
,_result,11,2026-08-28T05:09:25.722319875Z,0,soil_moisture_pct,soil_telemetry,soil_parcel_001
,_result,11,2026-08-28T05:09:36.242467849Z,0,soil_moisture_pct,soil_telemetry,soil_parcel_001
,_result,11,2026-08-28T05:09:46.6122254Z,0,soil_moisture_pct,soil_telemetry,soil_parcel_001
,_result,11,2026-08-28T05:09:56.848642221Z,0,soil_moisture_pct,soil_telemetry,soil_parcel_001
,_result,11,2026-08-28T05:10:07.18018496Z,0,soil_moisture_pct,soil_telemetry,soil_parcel_001
,_result,11,2026-08-28T05:10:17.503480396Z,0,soil_moisture_pct,soil_telemetry,soil_parcel_001
,_result,11,2026-08-28T05:10:29.442525002Z,0,soil_moisture_pct,soil_telemetry,soil_parcel_001
,_result,11,2026-08-28T05:10:38.013118263Z,0,soil_moisture_pct,soil_telemetry,soil_parcel_001
,_result,11,2026-08-28T05:10:48.429634112Z,0,soil_moisture_pct,soil_telemetry,soil_parcel_001
,_result,11,2026-08-28T05:10:58.582291003Z,0,soil_moisture_pct,soil_telemetry,soil_parcel_001
,_result,11,2026-08-28T05:11:08.860406564Z,0,soil_moisture_pct,soil_telemetry,soil_parcel_001
,_result,11,2026-08-28T05:11:19.161801937Z,0,soil_moisture_pct,soil_telemetry,soil_parcel_001
,_result,11,2026-08-28T05:11:29.446399459Z,0,soil_moisture_pct,soil_telemetry,soil_parcel_001
,_result,11,2026-08-28T05:11:39.805001334Z,0,soil_moisture_pct,soil_telemetry,soil_parcel_001
,_result,11,2026-08-28T05:11:50.041581252Z,0,soil_moisture_pct,soil_telemetry,soil_parcel_001
,_result,11,2026-08-28T05:12:00.392902639Z,0,soil_moisture_pct,soil_telemetry,soil_parcel_001
,_result,11,2026-08-28T05:12:10.602364136Z,0,soil_moisture_pct,soil_telemetry,soil_parcel_001
,_result,11,2026-08-28T05:12:21.465331259Z,0,soil_moisture_pct,soil_telemetry,soil_parcel_001
,_result,11,2026-08-28T05:12:32.06703189Z,0,soil_moisture_pct,soil_telemetry,soil_parcel_001
,_result,11,2026-08-28T05:12:42.581956441Z,0,soil_moisture_pct,soil_telemetry,soil_parcel_001
,_result,11,2026-08-28T05:12:53.278745914Z,0,soil_moisture_pct,soil_telemetry,soil_parcel_001
,_result,11,2026-08-28T05:13:03.156178947Z,0,soil_moisture_pct,soil_telemetry,soil_parcel_001
,_result,11,2026-08-28T05:13:13.51811213Z,0,soil_moisture_pct,soil_telemetry,soil_parcel_001
,_result,11,2026-08-28T05:16:41.428046718Z,0,soil_moisture_pct,soil_telemetry,soil_parcel_001
,_result,11,2026-08-28T05:16:50.649733249Z,0,soil_moisture_pct,soil_telemetry,soil_parcel_001
,_result,11,2026-08-28T05:17:00.759349514Z,0,soil_moisture_pct,soil_telemetry,soil_parcel_001
,_result,11,2026-08-28T05:17:10.850529641Z,0,soil_moisture_pct,soil_telemetry,soil_parcel_001
,_result,11,2026-08-28T05:17:21.087480933Z,0,soil_moisture_pct,soil_telemetry,soil_parcel_001
,_result,11,2026-08-28T05:17:31.12449213Z,0,soil_moisture_pct,soil_telemetry,soil_parcel_001
,_result,11,2026-08-28T05:17:41.283059356Z,0,soil_moisture_pct,soil_telemetry,soil_parcel_001
,_result,11,2026-08-28T05:17:51.423333565Z,0,soil_moisture_pct,soil_telemetry,soil_parcel_001
,_result,11,2026-08-28T05:18:01.630902073Z,0,soil_moisture_pct,soil_telemetry,soil_parcel_001
,_result,11,2026-08-28T05:18:11.718268639Z,0,soil_moisture_pct,soil_telemetry,soil_parcel_001
,_result,11,2026-08-28T05:18:23.104575491Z,0,soil_moisture_pct,soil_telemetry,soil_parcel_001
,_result,11,2026-08-28T05:18:32.093811328Z,0,soil_moisture_pct,soil_telemetry,soil_parcel_001
,_result,11,2026-08-28T05:18:44.216083837Z,0,soil_moisture_pct,soil_telemetry,soil_parcel_001
,_result,11,2026-08-28T05:18:52.424467638Z,0,soil_moisture_pct,soil_telemetry,soil_parcel_001
,_result,11,2026-08-28T05:19:02.803318538Z,0,soil_moisture_pct,soil_telemetry,soil_parcel_001
,_result,11,2026-08-28T05:19:12.926942656Z,0,soil_moisture_pct,soil_telemetry,soil_parcel_001
,_result,11,2026-08-28T05:19:25.567763675Z,0,soil_moisture_pct,soil_telemetry,soil_parcel_001
,_result,11,2026-08-28T05:19:33.337949101Z,0,soil_moisture_pct,soil_telemetry,soil_parcel_001
,_result,11,2026-08-28T05:19:43.397879903Z,0,soil_moisture_pct,soil_telemetry,soil_parcel_001
,_result,11,2026-08-28T05:19:53.715683319Z,0,soil_moisture_pct,soil_telemetry,soil_parcel_001
,_result,11,2026-08-28T05:20:03.830791014Z,0,soil_moisture_pct,soil_telemetry,soil_parcel_001
,_result,11,2026-08-28T05:20:14.049643268Z,0,soil_moisture_pct,soil_telemetry,soil_parcel_001
,_result,11,2026-08-28T05:20:23.959289879Z,0,soil_moisture_pct,soil_telemetry,soil_parcel_001
,_result,11,2026-08-28T05:20:34.536021297Z,0,soil_moisture_pct,soil_telemetry,soil_parcel_001
,_result,11,2026-08-28T05:20:44.381844519Z,0,soil_moisture_pct,soil_telemetry,soil_parcel_001
,_result,11,2026-08-28T05:20:54.451111447Z,0,soil_moisture_pct,soil_telemetry,soil_parcel_001
,_result,11,2026-08-28T05:21:04.640594844Z,0,soil_moisture_pct,soil_telemetry,soil_parcel_001
,_result,11,2026-08-28T05:21:14.800760177Z,0,soil_moisture_pct,soil_telemetry,soil_parcel_001
,_result,11,2026-08-28T05:21:25.154290331Z,0,soil_moisture_pct,soil_telemetry,soil_parcel_001
,_result,11,2026-08-28T05:21:35.027123524Z,0,soil_moisture_pct,soil_telemetry,soil_parcel_001
,_result,11,2026-08-28T05:21:45.267944697Z,0,soil_moisture_pct,soil_telemetry,soil_parcel_001
,_result,11,2026-08-28T05:21:55.331210365Z,0,soil_moisture_pct,soil_telemetry,soil_parcel_001
,_result,11,2026-08-28T05:22:05.516906096Z,0,soil_moisture_pct,soil_telemetry,soil_parcel_001
,_result,11,2026-08-28T05:22:15.721198817Z,0,soil_moisture_pct,soil_telemetry,soil_parcel_001
,_result,11,2026-08-28T05:22:26.033216454Z,0,soil_moisture_pct,soil_telemetry,soil_parcel_001
,_result,11,2026-08-28T05:22:36.296457776Z,0,soil_moisture_pct,soil_telemetry,soil_parcel_001
,_result,11,2026-08-28T05:22:46.467137768Z,0,soil_moisture_pct,soil_telemetry,soil_parcel_001
,_result,11,2026-08-28T05:22:56.775202744Z,0,soil_moisture_pct,soil_telemetry,soil_parcel_001
,_result,11,2026-08-28T05:23:06.617625245Z,0,soil_moisture_pct,soil_telemetry,soil_parcel_001
,_result,11,2026-08-28T05:23:16.771990791Z,0,soil_moisture_pct,soil_telemetry,soil_parcel_001
,_result,11,2026-08-28T05:23:26.928091876Z,0,soil_moisture_pct,soil_telemetry,soil_parcel_001
,_result,11,2026-08-28T05:23:37.168596134Z,0,soil_moisture_pct,soil_telemetry,soil_parcel_001
,_result,11,2026-08-28T05:23:47.357755772Z,0,soil_moisture_pct,soil_telemetry,soil_parcel_001
,_result,11,2026-08-28T05:23:57.49787734Z,0,soil_moisture_pct,soil_telemetry,soil_parcel_001
,_result,11,2026-08-28T05:24:07.638800449Z,0,soil_moisture_pct,soil_telemetry,soil_parcel_001
,_result,11,2026-08-28T05:24:17.783278841Z,0,soil_moisture_pct,soil_telemetry,soil_parcel_001
,_result,11,2026-08-28T05:24:27.908871332Z,0,soil_moisture_pct,soil_telemetry,soil_parcel_001
,_result,11,2026-08-28T05:24:38.099192716Z,0,soil_moisture_pct,soil_telemetry,soil_parcel_001
,_result,11,2026-08-28T05:24:48.215062364Z,0,soil_moisture_pct,soil_telemetry,soil_parcel_001
,_result,11,2026-08-28T05:24:58.326584411Z,0,soil_moisture_pct,soil_telemetry,soil_parcel_001
,_result,11,2026-08-28T05:25:08.478629731Z,0,soil_moisture_pct,soil_telemetry,soil_parcel_001
,_result,11,2026-08-28T05:25:18.610315443Z,0,soil_moisture_pct,soil_telemetry,soil_parcel_001
,_result,11,2026-08-28T05:25:28.712656915Z,0,soil_moisture_pct,soil_telemetry,soil_parcel_001
,_result,11,2026-08-28T05:25:38.868249596Z,0,soil_moisture_pct,soil_telemetry,soil_parcel_001
,_result,11,2026-08-28T05:25:49.139227303Z,0,soil_moisture_pct,soil_telemetry,soil_parcel_001
,_result,11,2026-08-28T05:25:59.406468857Z,0,soil_moisture_pct,soil_telemetry,soil_parcel_001
,_result,11,2026-08-28T05:26:09.51661641Z,0,soil_moisture_pct,soil_telemetry,soil_parcel_001
,_result,11,2026-08-28T05:26:19.572464191Z,0,soil_moisture_pct,soil_telemetry,soil_parcel_001
,_result,11,2026-08-28T05:26:29.941669751Z,0,soil_moisture_pct,soil_telemetry,soil_parcel_001
,_result,11,2026-08-28T05:26:39.920918876Z,0,soil_moisture_pct,soil_telemetry,soil_parcel_001
,_result,11,2026-08-28T05:26:50.038083922Z,0,soil_moisture_pct,soil_telemetry,soil_parcel_001
,_result,11,2026-08-28T05:27:00.618446615Z,0,soil_moisture_pct,soil_telemetry,soil_parcel_001
,_result,11,2026-08-28T05:27:10.284035483Z,0,soil_moisture_pct,soil_telemetry,soil_parcel_001
,_result,11,2026-08-28T05:27:20.422533162Z,0,soil_moisture_pct,soil_telemetry,soil_parcel_001
,_result,11,2026-08-28T05:27:30.590887457Z,0,soil_moisture_pct,soil_telemetry,soil_parcel_001
,_result,11,2026-08-28T05:27:40.656657322Z,0,soil_moisture_pct,soil_telemetry,soil_parcel_001
,_result,11,2026-08-28T05:27:50.801496262Z,0,soil_moisture_pct,soil_telemetry,soil_parcel_001
,_result,11,2026-08-28T05:28:01.137095525Z,0,soil_moisture_pct,soil_telemetry,soil_parcel_001
,_result,11,2026-08-28T05:28:11.322839438Z,0,soil_moisture_pct,soil_telemetry,soil_parcel_001
,_result,11,2026-08-28T05:28:21.379954544Z,0,soil_moisture_pct,soil_telemetry,soil_parcel_001
,_result,11,2026-08-28T05:28:31.538918458Z,0,soil_moisture_pct,soil_telemetry,soil_parcel_001
,_result,11,2026-08-28T05:28:41.672680281Z,0,soil_moisture_pct,soil_telemetry,soil_parcel_001
,_result,11,2026-08-28T05:28:51.801315411Z,0,soil_moisture_pct,soil_telemetry,soil_parcel_001
,_result,11,2026-08-28T05:29:02.037735584Z,0,soil_moisture_pct,soil_telemetry,soil_parcel_001
,_result,11,2026-08-28T05:29:12.332919453Z,0,soil_moisture_pct,soil_telemetry,soil_parcel_001
,_result,11,2026-08-28T05:29:22.341200251Z,0,soil_moisture_pct,soil_telemetry,soil_parcel_001
,_result,11,2026-08-28T05:29:32.394924155Z,0,soil_moisture_pct,soil_telemetry,soil_parcel_001
,_result,11,2026-08-28T05:29:42.517839963Z,0,soil_moisture_pct,soil_telemetry,soil_parcel_001
,_result,11,2026-08-28T05:29:52.9255984Z,0,soil_moisture_pct,soil_telemetry,soil_parcel_001
,_result,11,2026-08-28T05:30:04.20968417Z,0,soil_moisture_pct,soil_telemetry,soil_parcel_001
,_result,11,2026-08-28T05:30:12.98352782Z,0,soil_moisture_pct,soil_telemetry,soil_parcel_001
,_result,11,2026-08-28T05:30:23.140015119Z,0,soil_moisture_pct,soil_telemetry,soil_parcel_001
,_result,11,2026-08-28T05:30:33.296152394Z,0,soil_moisture_pct,soil_telemetry,soil_parcel_001
,_result,11,2026-08-28T05:30:43.400212645Z,0,soil_moisture_pct,soil_telemetry,soil_parcel_001
,_result,11,2026-08-28T05:30:53.569431232Z,0,soil_moisture_pct,soil_telemetry,soil_parcel_001
,_result,11,2026-08-28T05:31:03.704047784Z,0,soil_moisture_pct,soil_telemetry,soil_parcel_001
,_result,11,2026-08-28T05:31:13.879196834Z,0,soil_moisture_pct,soil_telemetry,soil_parcel_001
,_result,11,2026-08-28T05:31:24.010798315Z,0,soil_moisture_pct,soil_telemetry,soil_parcel_001
,_result,11,2026-08-28T05:31:34.451075073Z,0,soil_moisture_pct,soil_telemetry,soil_parcel_001
,_result,11,2026-08-28T05:31:44.280929226Z,0,soil_moisture_pct,soil_telemetry,soil_parcel_001
,_result,11,2026-08-28T05:31:54.425665235Z,0,soil_moisture_pct,soil_telemetry,soil_parcel_001
,_result,11,2026-08-28T05:32:04.958572447Z,0,soil_moisture_pct,soil_telemetry,soil_parcel_001
,_result,11,2026-08-28T05:32:15.199597882Z,0,soil_moisture_pct,soil_telemetry,soil_parcel_001
,_result,11,2026-08-28T05:32:24.883108753Z,0,soil_moisture_pct,soil_telemetry,soil_parcel_001
,_result,11,2026-08-28T05:32:35.077754679Z,0,soil_moisture_pct,soil_telemetry,soil_parcel_001
,_result,11,2026-08-28T05:32:45.213335472Z,0,soil_moisture_pct,soil_telemetry,soil_parcel_001
,_result,11,2026-08-28T05:32:55.374035757Z,0,soil_moisture_pct,soil_telemetry,soil_parcel_001
,_result,11,2026-08-28T05:33:05.578274867Z,0,soil_moisture_pct,soil_telemetry,soil_parcel_001
,_result,11,2026-08-28T05:33:15.697465523Z,0,soil_moisture_pct,soil_telemetry,soil_parcel_001
,_result,11,2026-08-28T05:33:25.807970902Z,0,soil_moisture_pct,soil_telemetry,soil_parcel_001
,_result,11,2026-08-28T05:33:35.954553697Z,0,soil_moisture_pct,soil_telemetry,soil_parcel_001
,_result,11,2026-08-28T05:33:46.275768119Z,0,soil_moisture_pct,soil_telemetry,soil_parcel_001
,_result,11,2026-08-28T05:33:56.226775657Z,0,soil_moisture_pct,soil_telemetry,soil_parcel_001
,_result,11,2026-08-28T05:34:06.46414312Z,0,soil_moisture_pct,soil_telemetry,soil_parcel_001
,_result,11,2026-08-28T05:34:16.617974809Z,0,soil_moisture_pct,soil_telemetry,soil_parcel_001
,_result,11,2026-08-28T05:34:26.723948114Z,0,soil_moisture_pct,soil_telemetry,soil_parcel_001
,_result,11,2026-08-28T05:34:36.829691178Z,0,soil_moisture_pct,soil_telemetry,soil_parcel_001
,_result,11,2026-08-28T05:34:46.969950371Z,0,soil_moisture_pct,soil_telemetry,soil_parcel_001
,_result,11,2026-08-28T05:34:57.144442116Z,0,soil_moisture_pct,soil_telemetry,soil_parcel_001
,_result,11,2026-08-28T05:35:07.266713936Z,0,soil_moisture_pct,soil_telemetry,soil_parcel_001
,_result,11,2026-08-28T05:35:17.520922699Z,0,soil_moisture_pct,soil_telemetry,soil_parcel_001
,_result,11,2026-08-28T05:35:27.673937606Z,0,soil_moisture_pct,soil_telemetry,soil_parcel_001
,_result,11,2026-08-28T05:35:37.771100775Z,0,soil_moisture_pct,soil_telemetry,soil_parcel_001
,_result,11,2026-08-28T05:35:47.961303733Z,0,soil_moisture_pct,soil_telemetry,soil_parcel_001
,_result,11,2026-08-28T05:35:58.116877331Z,0,soil_moisture_pct,soil_telemetry,soil_parcel_001
,_result,11,2026-08-28T05:36:08.219612773Z,0,soil_moisture_pct,soil_telemetry,soil_parcel_001
,_result,11,2026-08-28T05:36:18.404884902Z,0,soil_moisture_pct,soil_telemetry,soil_parcel_001
,_result,11,2026-08-28T05:36:28.552610966Z,0,soil_moisture_pct,soil_telemetry,soil_parcel_001
,_result,11,2026-08-28T05:36:38.719319735Z,0,soil_moisture_pct,soil_telemetry,soil_parcel_001
,_result,11,2026-08-28T05:36:48.900874975Z,0,soil_moisture_pct,soil_telemetry,soil_parcel_001
,_result,11,2026-08-28T05:36:59.0590506Z,0,soil_moisture_pct,soil_telemetry,soil_parcel_001
,_result,11,2026-08-28T05:37:09.214392801Z,0,soil_moisture_pct,soil_telemetry,soil_parcel_001
,_result,11,2026-08-28T05:37:19.403757371Z,0,soil_moisture_pct,soil_telemetry,soil_parcel_001
,_result,11,2026-08-28T05:37:29.544906746Z,0,soil_moisture_pct,soil_telemetry,soil_parcel_001
,_result,11,2026-08-28T05:37:39.683056462Z,0,soil_moisture_pct,soil_telemetry,soil_parcel_001
,_result,11,2026-08-28T05:37:49.818938617Z,0,soil_moisture_pct,soil_telemetry,soil_parcel_001
,_result,11,2026-08-28T05:37:59.944197604Z,0,soil_moisture_pct,soil_telemetry,soil_parcel_001
,_result,11,2026-08-28T05:38:10.056737401Z,0,soil_moisture_pct,soil_telemetry,soil_parcel_001
,_result,11,2026-08-28T05:38:20.260082776Z,0,soil_moisture_pct,soil_telemetry,soil_parcel_001
,_result,11,2026-08-28T05:38:30.416159514Z,0,soil_moisture_pct,soil_telemetry,soil_parcel_001
,_result,11,2026-08-28T05:38:40.953586154Z,0,soil_moisture_pct,soil_telemetry,soil_parcel_001
,_result,11,2026-08-28T05:38:50.701564078Z,0,soil_moisture_pct,soil_telemetry,soil_parcel_001
,_result,11,2026-08-28T05:39:01.070871335Z,0,soil_moisture_pct,soil_telemetry,soil_parcel_001
,_result,11,2026-08-28T05:39:11.351111922Z,0,soil_moisture_pct,soil_telemetry,soil_parcel_001
,_result,11,2026-08-28T05:39:21.323459273Z,0,soil_moisture_pct,soil_telemetry,soil_parcel_001
,_result,11,2026-08-28T05:39:31.449960903Z,0,soil_moisture_pct,soil_telemetry,soil_parcel_001
,_result,11,2026-08-28T05:39:41.841655206Z,0,soil_moisture_pct,soil_telemetry,soil_parcel_001
,_result,11,2026-08-28T05:39:51.90230901Z,0,soil_moisture_pct,soil_telemetry,soil_parcel_001
,_result,11,2026-08-28T05:40:01.954256523Z,0,soil_moisture_pct,soil_telemetry,soil_parcel_001
,_result,11,2026-08-28T05:40:12.192034555Z,0,soil_moisture_pct,soil_telemetry,soil_parcel_001
,_result,11,2026-08-28T05:40:22.313199424Z,0,soil_moisture_pct,soil_telemetry,soil_parcel_001
,_result,11,2026-08-28T05:40:32.307611539Z,0,soil_moisture_pct,soil_telemetry,soil_parcel_001
,_result,11,2026-08-28T05:40:42.476358904Z,0,soil_moisture_pct,soil_telemetry,soil_parcel_001
,_result,11,2026-08-28T05:40:52.558349462Z,0,soil_moisture_pct,soil_telemetry,soil_parcel_001
,_result,11,2026-08-28T05:41:02.94903576Z,0,soil_moisture_pct,soil_telemetry,soil_parcel_001
,_result,11,2026-08-28T05:41:12.902882676Z,0,soil_moisture_pct,soil_telemetry,soil_parcel_001
,_result,11,2026-08-28T05:41:23.09909771Z,0,soil_moisture_pct,soil_telemetry,soil_parcel_001
,_result,11,2026-08-28T05:41:33.324464341Z,0,soil_moisture_pct,soil_telemetry,soil_parcel_001
,_result,11,2026-08-28T05:41:43.502691299Z,0,soil_moisture_pct,soil_telemetry,soil_parcel_001
,_result,11,2026-08-28T05:41:53.683361199Z,0,soil_moisture_pct,soil_telemetry,soil_parcel_001
,_result,11,2026-08-28T05:42:03.79023599Z,0,soil_moisture_pct,soil_telemetry,soil_parcel_001
,_result,11,2026-08-28T05:42:13.793051769Z,0,soil_moisture_pct,soil_telemetry,soil_parcel_001
,_result,11,2026-08-28T05:42:24.177532456Z,0,soil_moisture_pct,soil_telemetry,soil_parcel_001
,_result,11,2026-08-28T05:42:34.213964602Z,0,soil_moisture_pct,soil_telemetry,soil_parcel_001
,_result,11,2026-08-28T05:42:44.428974836Z,0,soil_moisture_pct,soil_telemetry,soil_parcel_001
,_result,11,2026-08-28T05:42:54.638504222Z,0,soil_moisture_pct,soil_telemetry,soil_parcel_001
,_result,11,2026-08-28T05:43:04.815604583Z,0,soil_moisture_pct,soil_telemetry,soil_parcel_001
,_result,11,2026-08-28T05:43:14.968137576Z,0,soil_moisture_pct,soil_telemetry,soil_parcel_001
,_result,11,2026-08-28T05:43:25.23017124Z,0,soil_moisture_pct,soil_telemetry,soil_parcel_001
,_result,11,2026-08-28T05:43:35.518415894Z,0,soil_moisture_pct,soil_telemetry,soil_parcel_001
,_result,11,2026-08-28T05:43:45.458434343Z,0,soil_moisture_pct,soil_telemetry,soil_parcel_001
,_result,11,2026-08-28T05:43:55.608447691Z,0,soil_moisture_pct,soil_telemetry,soil_parcel_001
,_result,11,2026-08-28T05:44:05.81415008Z,0,soil_moisture_pct,soil_telemetry,soil_parcel_001
,_result,11,2026-08-28T05:44:15.90906566Z,0,soil_moisture_pct,soil_telemetry,soil_parcel_001
,_result,11,2026-08-28T05:44:26.058977119Z,0,soil_moisture_pct,soil_telemetry,soil_parcel_001
,_result,11,2026-08-28T05:44:36.244921647Z,0,soil_moisture_pct,soil_telemetry,soil_parcel_001
,_result,11,2026-08-28T05:44:46.344902531Z,0,soil_moisture_pct,soil_telemetry,soil_parcel_001
,_result,11,2026-08-28T05:44:56.499510432Z,0,soil_moisture_pct,soil_telemetry,soil_parcel_001
,_result,11,2026-08-28T05:45:06.708963111Z,0,soil_moisture_pct,soil_telemetry,soil_parcel_001
,_result,11,2026-08-28T05:45:16.844886673Z,0,soil_moisture_pct,soil_telemetry,soil_parcel_001
,_result,11,2026-08-28T05:45:27.072566596Z,0,soil_moisture_pct,soil_telemetry,soil_parcel_001
,_result,11,2026-08-28T05:45:37.298700873Z,0,soil_moisture_pct,soil_telemetry,soil_parcel_001
,_result,11,2026-08-28T05:45:47.526957451Z,0,soil_moisture_pct,soil_telemetry,soil_parcel_001
,_result,11,2026-08-28T05:45:57.639195577Z,0,soil_moisture_pct,soil_telemetry,soil_parcel_001
,_result,11,2026-08-28T05:46:07.759001476Z,0,soil_moisture_pct,soil_telemetry,soil_parcel_001
,_result,11,2026-08-28T05:46:17.929579663Z,0,soil_moisture_pct,soil_telemetry,soil_parcel_001
,_result,11,2026-08-28T05:46:28.098862136Z,0,soil_moisture_pct,soil_telemetry,soil_parcel_001
,_result,11,2026-08-28T05:46:38.263007775Z,0,soil_moisture_pct,soil_telemetry,soil_parcel_001
,_result,11,2026-08-28T05:46:48.463364928Z,0,soil_moisture_pct,soil_telemetry,soil_parcel_001
,_result,11,2026-08-28T05:46:58.639693453Z,0,soil_moisture_pct,soil_telemetry,soil_parcel_001
,_result,11,2026-08-28T05:47:08.724956637Z,0,soil_moisture_pct,soil_telemetry,soil_parcel_001
,_result,11,2026-08-28T05:47:18.934262992Z,0,soil_moisture_pct,soil_telemetry,soil_parcel_001
,_result,11,2026-08-28T05:47:29.079267792Z,0,soil_moisture_pct,soil_telemetry,soil_parcel_001
,_result,11,2026-08-28T05:47:39.238003372Z,0,soil_moisture_pct,soil_telemetry,soil_parcel_001
,_result,11,2026-08-28T05:47:49.454286675Z,0,soil_moisture_pct,soil_telemetry,soil_parcel_001
,_result,11,2026-08-28T05:47:59.618233179Z,0,soil_moisture_pct,soil_telemetry,soil_parcel_001
,_result,11,2026-08-28T05:48:09.763283879Z,56.4,soil_moisture_pct,soil_telemetry,soil_parcel_001
,_result,11,2026-08-28T05:48:50.602083896Z,100,soil_moisture_pct,soil_telemetry,soil_parcel_001
,_result,11,2026-08-28T05:49:00.924795278Z,100,soil_moisture_pct,soil_telemetry,soil_parcel_001
,_result,11,2026-08-28T05:49:11.049046895Z,100,soil_moisture_pct,soil_telemetry,soil_parcel_001
,_result,11,2026-08-28T05:49:21.224653042Z,100,soil_moisture_pct,soil_telemetry,soil_parcel_001
,_result,11,2026-08-28T05:49:31.377129276Z,0,soil_moisture_pct,soil_telemetry,soil_parcel_001
,_result,11,2026-08-28T05:49:41.550400618Z,0,soil_moisture_pct,soil_telemetry,soil_parcel_001
,_result,11,2026-08-28T05:49:51.717099929Z,0,soil_moisture_pct,soil_telemetry,soil_parcel_001
,_result,11,2026-08-28T05:50:01.845259237Z,0,soil_moisture_pct,soil_telemetry,soil_parcel_001
,_result,11,2026-08-28T05:50:11.97384422Z,0,soil_moisture_pct,soil_telemetry,soil_parcel_001
,_result,11,2026-08-28T05:50:22.099207567Z,0,soil_moisture_pct,soil_telemetry,soil_parcel_001
,_result,11,2026-08-28T05:50:32.259156654Z,0,soil_moisture_pct,soil_telemetry,soil_parcel_001
,_result,11,2026-08-28T05:50:42.455755587Z,0,soil_moisture_pct,soil_telemetry,soil_parcel_001
,_result,11,2026-08-28T05:50:52.567723546Z,0,soil_moisture_pct,soil_telemetry,soil_parcel_001
,_result,11,2026-08-28T05:51:02.971391394Z,0,soil_moisture_pct,soil_telemetry,soil_parcel_001
,_result,11,2026-08-28T05:51:12.813164667Z,0,soil_moisture_pct,soil_telemetry,soil_parcel_001
,_result,11,2026-08-28T05:51:22.959334265Z,0,soil_moisture_pct,soil_telemetry,soil_parcel_001
,_result,11,2026-08-28T05:51:33.224596527Z,0,soil_moisture_pct,soil_telemetry,soil_parcel_001
,_result,11,2026-08-28T05:51:43.234758543Z,0,soil_moisture_pct,soil_telemetry,soil_parcel_001
,_result,11,2026-08-28T05:51:53.459958374Z,0,soil_moisture_pct,soil_telemetry,soil_parcel_001
,_result,11,2026-08-28T05:52:03.840768464Z,0,soil_moisture_pct,soil_telemetry,soil_parcel_001
,_result,11,2026-08-28T05:52:13.745263214Z,0,soil_moisture_pct,soil_telemetry,soil_parcel_001
,_result,11,2026-08-28T05:52:23.898770119Z,0,soil_moisture_pct,soil_telemetry,soil_parcel_001
,_result,11,2026-08-28T05:52:34.11554262Z,0,soil_moisture_pct,soil_telemetry,soil_parcel_001
,_result,11,2026-08-28T05:52:44.256216942Z,0,soil_moisture_pct,soil_telemetry,soil_parcel_001
,_result,11,2026-08-28T05:52:54.434232462Z,0,soil_moisture_pct,soil_telemetry,soil_parcel_001
,_result,11,2026-08-28T05:53:04.61301058Z,0,soil_moisture_pct,soil_telemetry,soil_parcel_001
,_result,11,2026-08-28T05:53:14.759833525Z,0,soil_moisture_pct,soil_telemetry,soil_parcel_001
,_result,11,2026-08-28T05:53:24.969868225Z,0,soil_moisture_pct,soil_telemetry,soil_parcel_001
,_result,11,2026-08-28T05:53:35.077589703Z,0,soil_moisture_pct,soil_telemetry,soil_parcel_001
,_result,11,2026-08-28T05:53:45.238181514Z,0,soil_moisture_pct,soil_telemetry,soil_parcel_001
,_result,11,2026-08-28T05:53:55.435380689Z,0,soil_moisture_pct,soil_telemetry,soil_parcel_001
,_result,11,2026-08-28T05:54:05.779368919Z,0,soil_moisture_pct,soil_telemetry,soil_parcel_001
,_result,11,2026-08-28T05:54:15.863678442Z,0,soil_moisture_pct,soil_telemetry,soil_parcel_001
,_result,11,2026-08-28T05:54:26.056582766Z,0,soil_moisture_pct,soil_telemetry,soil_parcel_001
,_result,11,2026-08-28T05:54:36.162534573Z,0,soil_moisture_pct,soil_telemetry,soil_parcel_001
,_result,11,2026-08-28T05:54:46.627482116Z,0,soil_moisture_pct,soil_telemetry,soil_parcel_001
,_result,11,2026-08-28T05:54:56.652157184Z,0,soil_moisture_pct,soil_telemetry,soil_parcel_001
,_result,11,2026-08-28T05:55:06.754988788Z,0,soil_moisture_pct,soil_telemetry,soil_parcel_001
,_result,11,2026-08-28T05:55:16.982813258Z,0,soil_moisture_pct,soil_telemetry,soil_parcel_001
,_result,11,2026-08-28T05:55:27.12240907Z,0,soil_moisture_pct,soil_telemetry,soil_parcel_001
,_result,11,2026-08-28T05:55:37.224206567Z,0,soil_moisture_pct,soil_telemetry,soil_parcel_001
,_result,11,2026-08-28T05:55:47.563144554Z,0,soil_moisture_pct,soil_telemetry,soil_parcel_001
,_result,11,2026-08-28T05:55:57.586605046Z,0,soil_moisture_pct,soil_telemetry,soil_parcel_001
,_result,11,2026-08-28T05:56:07.697493856Z,0,soil_moisture_pct,soil_telemetry,soil_parcel_001
,_result,11,2026-08-28T05:56:17.992905713Z,0,soil_moisture_pct,soil_telemetry,soil_parcel_001
,_result,11,2026-08-28T05:56:28.266367716Z,0,soil_moisture_pct,soil_telemetry,soil_parcel_001
,_result,11,2026-08-28T05:56:38.432639559Z,0,soil_moisture_pct,soil_telemetry,soil_parcel_001
,_result,11,2026-08-28T05:56:48.502275366Z,0,soil_moisture_pct,soil_telemetry,soil_parcel_001
,_result,11,2026-08-28T05:56:59.39255413Z,0,soil_moisture_pct,soil_telemetry,soil_parcel_001
,_result,11,2026-08-28T05:57:09.034126232Z,0,soil_moisture_pct,soil_telemetry,soil_parcel_001
,_result,11,2026-08-28T05:57:19.043117766Z,0,soil_moisture_pct,soil_telemetry,soil_parcel_001
,_result,11,2026-08-28T05:57:29.242878184Z,0,soil_moisture_pct,soil_telemetry,soil_parcel_001
,_result,11,2026-08-28T05:57:40.525665711Z,0,soil_moisture_pct,soil_telemetry,soil_parcel_001
,_result,11,2026-08-28T05:57:49.867450009Z,0,soil_moisture_pct,soil_telemetry,soil_parcel_001
,_result,11,2026-08-28T05:58:00.087560516Z,0,soil_moisture_pct,soil_telemetry,soil_parcel_001
,_result,11,2026-08-28T05:58:10.112556139Z,0,soil_moisture_pct,soil_telemetry,soil_parcel_001
,_result,11,2026-08-28T05:58:20.169588378Z,0,soil_moisture_pct,soil_telemetry,soil_parcel_001
,_result,11,2026-08-28T05:58:30.450095566Z,0,soil_moisture_pct,soil_telemetry,soil_parcel_001
,_result,11,2026-08-28T05:58:40.843312021Z,0,soil_moisture_pct,soil_telemetry,soil_parcel_001
,_result,11,2026-08-28T05:58:50.998950614Z,0,soil_moisture_pct,soil_telemetry,soil_parcel_001
,_result,11,2026-08-28T05:59:01.10395093Z,0,soil_moisture_pct,soil_telemetry,soil_parcel_001
,_result,11,2026-08-28T05:59:11.26372329Z,0,soil_moisture_pct,soil_telemetry,soil_parcel_001
,_result,11,2026-08-28T05:59:21.60870688Z,0,soil_moisture_pct,soil_telemetry,soil_parcel_001
,_result,11,2026-08-28T05:59:31.493091944Z,0,soil_moisture_pct,soil_telemetry,soil_parcel_001
,_result,11,2026-08-28T05:59:41.800455811Z,0,soil_moisture_pct,soil_telemetry,soil_parcel_001
,_result,11,2026-08-28T05:59:51.853281202Z,0,soil_moisture_pct,soil_telemetry,soil_parcel_001
,_result,11,2026-08-28T06:00:05.742377032Z,0,soil_moisture_pct,soil_telemetry,soil_parcel_001
,_result,11,2026-08-28T06:00:12.193565893Z,0,soil_moisture_pct,soil_telemetry,soil_parcel_001
,_result,11,2026-08-28T06:00:22.224029472Z,0,soil_moisture_pct,soil_telemetry,soil_parcel_001
,_result,11,2026-08-28T06:00:32.395023906Z,0,soil_moisture_pct,soil_telemetry,soil_parcel_001
,_result,11,2026-08-28T06:00:42.586179732Z,0,soil_moisture_pct,soil_telemetry,soil_parcel_001
,_result,11,2026-08-28T06:00:52.728525394Z,0,soil_moisture_pct,soil_telemetry,soil_parcel_001
,_result,11,2026-08-28T06:01:02.887482624Z,0,soil_moisture_pct,soil_telemetry,soil_parcel_001
,_result,11,2026-08-28T06:01:13.018694436Z,0,soil_moisture_pct,soil_telemetry,soil_parcel_001
,_result,11,2026-08-28T06:01:23.230495772Z,0,soil_moisture_pct,soil_telemetry,soil_parcel_001
,_result,11,2026-08-28T06:01:33.444754385Z,0,soil_moisture_pct,soil_telemetry,soil_parcel_001
,_result,11,2026-08-28T06:01:43.90794542Z,0,soil_moisture_pct,soil_telemetry,soil_parcel_001
,_result,11,2026-08-28T06:01:54.06655978Z,0,soil_moisture_pct,soil_telemetry,soil_parcel_001
,_result,11,2026-08-28T06:02:04.286269416Z,0,soil_moisture_pct,soil_telemetry,soil_parcel_001
,_result,11,2026-08-28T06:02:14.418963988Z,0,soil_moisture_pct,soil_telemetry,soil_parcel_001
,_result,11,2026-08-28T06:02:24.614187937Z,0,soil_moisture_pct,soil_telemetry,soil_parcel_001
,_result,11,2026-08-28T06:02:34.834812693Z,0,soil_moisture_pct,soil_telemetry,soil_parcel_001
,_result,11,2026-08-28T06:02:44.978795756Z,0,soil_moisture_pct,soil_telemetry,soil_parcel_001
,_result,11,2026-08-28T06:02:55.282866486Z,0,soil_moisture_pct,soil_telemetry,soil_parcel_001
,_result,11,2026-08-28T06:03:05.595991327Z,0,soil_moisture_pct,soil_telemetry,soil_parcel_001
,_result,11,2026-08-28T06:03:15.462208008Z,0,soil_moisture_pct,soil_telemetry,soil_parcel_001
,_result,11,2026-08-28T06:03:25.591982531Z,0,soil_moisture_pct,soil_telemetry,soil_parcel_001
,_result,11,2026-08-28T06:03:35.689512434Z,0,soil_moisture_pct,soil_telemetry,soil_parcel_001
,_result,11,2026-08-28T06:03:45.864712074Z,0,soil_moisture_pct,soil_telemetry,soil_parcel_001
,_result,11,2026-08-28T06:03:56.03198445Z,0,soil_moisture_pct,soil_telemetry,soil_parcel_001
,_result,11,2026-08-28T06:04:06.166221966Z,0,soil_moisture_pct,soil_telemetry,soil_parcel_001
,_result,11,2026-08-28T06:04:16.264692417Z,0,soil_moisture_pct,soil_telemetry,soil_parcel_001
,_result,11,2026-08-28T06:04:26.710548156Z,0,soil_moisture_pct,soil_telemetry,soil_parcel_001
,_result,11,2026-08-28T06:04:36.769957742Z,0,soil_moisture_pct,soil_telemetry,soil_parcel_001
,_result,11,2026-08-28T06:04:46.788985024Z,0,soil_moisture_pct,soil_telemetry,soil_parcel_001
,_result,11,2026-08-28T06:04:57.226827425Z,0,soil_moisture_pct,soil_telemetry,soil_parcel_001
,_result,11,2026-08-28T06:05:07.069184306Z,0,soil_moisture_pct,soil_telemetry,soil_parcel_001
,_result,11,2026-08-28T06:05:17.259602031Z,0,soil_moisture_pct,soil_telemetry,soil_parcel_001
,_result,11,2026-08-28T06:05:27.610036204Z,0,soil_moisture_pct,soil_telemetry,soil_parcel_001
,_result,11,2026-08-28T06:05:37.681291928Z,0,soil_moisture_pct,soil_telemetry,soil_parcel_001
,_result,11,2026-08-28T06:05:47.877437435Z,0,soil_moisture_pct,soil_telemetry,soil_parcel_001
,_result,11,2026-08-28T06:05:58.08645663Z,0,soil_moisture_pct,soil_telemetry,soil_parcel_001
,_result,11,2026-08-28T06:06:08.146715243Z,0,soil_moisture_pct,soil_telemetry,soil_parcel_001
,_result,11,2026-08-28T06:06:18.246602106Z,0,soil_moisture_pct,soil_telemetry,soil_parcel_001
,_result,11,2026-08-28T06:06:28.484607547Z,0,soil_moisture_pct,soil_telemetry,soil_parcel_001
,_result,11,2026-08-28T06:06:38.596380202Z,0,soil_moisture_pct,soil_telemetry,soil_parcel_001
,_result,11,2026-08-28T06:06:48.892595131Z,0,soil_moisture_pct,soil_telemetry,soil_parcel_001
,_result,11,2026-08-28T06:06:59.012908102Z,0,soil_moisture_pct,soil_telemetry,soil_parcel_001
,_result,11,2026-08-28T06:07:10.014117786Z,0,soil_moisture_pct,soil_telemetry,soil_parcel_001
,_result,11,2026-08-28T06:07:19.239340202Z,0,soil_moisture_pct,soil_telemetry,soil_parcel_001
,_result,11,2026-08-28T06:07:30.043403678Z,0,soil_moisture_pct,soil_telemetry,soil_parcel_001
,_result,11,2026-08-28T06:07:40.729454499Z,0,soil_moisture_pct,soil_telemetry,soil_parcel_001
,_result,11,2026-08-28T06:07:50.445294812Z,0,soil_moisture_pct,soil_telemetry,soil_parcel_001
,_result,11,2026-08-28T06:08:00.582760726Z,0,soil_moisture_pct,soil_telemetry,soil_parcel_001
,_result,11,2026-08-28T06:08:10.691116854Z,0,soil_moisture_pct,soil_telemetry,soil_parcel_001
,_result,11,2026-08-28T06:08:20.857869021Z,0,soil_moisture_pct,soil_telemetry,soil_parcel_001
,_result,11,2026-08-28T06:08:31.025030971Z,0,soil_moisture_pct,soil_telemetry,soil_parcel_001
,_result,11,2026-08-28T06:08:41.187499821Z,0,soil_moisture_pct,soil_telemetry,soil_parcel_001
,_result,11,2026-08-28T06:08:51.812864016Z,0,soil_moisture_pct,soil_telemetry,soil_parcel_001
,_result,11,2026-08-28T06:09:01.523879671Z,0,soil_moisture_pct,soil_telemetry,soil_parcel_001
,_result,11,2026-08-28T06:09:11.724458498Z,0,soil_moisture_pct,soil_telemetry,soil_parcel_001
,_result,11,2026-08-28T06:09:21.943617512Z,0,soil_moisture_pct,soil_telemetry,soil_parcel_001
,_result,11,2026-08-28T06:09:32.204240108Z,0,soil_moisture_pct,soil_telemetry,soil_parcel_001
,_result,11,2026-08-28T06:09:42.170876965Z,0,soil_moisture_pct,soil_telemetry,soil_parcel_001
,_result,11,2026-08-28T06:09:52.290906833Z,0,soil_moisture_pct,soil_telemetry,soil_parcel_001
,_result,11,2026-08-28T06:10:03.616551393Z,0,soil_moisture_pct,soil_telemetry,soil_parcel_001
,_result,11,2026-08-28T06:10:12.71289525Z,0,soil_moisture_pct,soil_telemetry,soil_parcel_001
,_result,11,2026-08-28T06:10:22.890160114Z,0,soil_moisture_pct,soil_telemetry,soil_parcel_001
,_result,11,2026-08-28T06:10:33.021400099Z,0,soil_moisture_pct,soil_telemetry,soil_parcel_001
,_result,11,2026-08-28T06:10:43.260442143Z,0,soil_moisture_pct,soil_telemetry,soil_parcel_001
,_result,11,2026-08-28T06:10:53.266369287Z,0,soil_moisture_pct,soil_telemetry,soil_parcel_001
,_result,11,2026-08-28T06:11:03.62287869Z,0,soil_moisture_pct,soil_telemetry,soil_parcel_001
,_result,11,2026-08-28T06:11:13.766102449Z,0,soil_moisture_pct,soil_telemetry,soil_parcel_001
,_result,11,2026-08-28T06:11:23.904992706Z,0,soil_moisture_pct,soil_telemetry,soil_parcel_001
,_result,11,2026-08-28T06:11:34.019389174Z,0,soil_moisture_pct,soil_telemetry,soil_parcel_001
,_result,11,2026-08-28T06:11:44.184473417Z,0,soil_moisture_pct,soil_telemetry,soil_parcel_001
,_result,11,2026-08-28T06:11:54.358546805Z,0,soil_moisture_pct,soil_telemetry,soil_parcel_001
,_result,11,2026-08-28T06:12:04.554744619Z,0,soil_moisture_pct,soil_telemetry,soil_parcel_001
,_result,11,2026-08-28T06:12:14.626331343Z,0,soil_moisture_pct,soil_telemetry,soil_parcel_001
,_result,11,2026-08-28T06:12:24.785739664Z,0,soil_moisture_pct,soil_telemetry,soil_parcel_001
,_result,11,2026-08-28T06:12:34.97938515Z,0,soil_moisture_pct,soil_telemetry,soil_parcel_001
,_result,11,2026-08-28T06:12:45.135088982Z,0,soil_moisture_pct,soil_telemetry,soil_parcel_001
,_result,11,2026-08-28T06:12:55.326506284Z,0,soil_moisture_pct,soil_telemetry,soil_parcel_001
,_result,11,2026-08-28T06:13:05.467463863Z,0,soil_moisture_pct,soil_telemetry,soil_parcel_001
,_result,11,2026-08-28T06:13:15.511799751Z,0,soil_moisture_pct,soil_telemetry,soil_parcel_001
,_result,11,2026-08-28T06:13:25.65887843Z,0,soil_moisture_pct,soil_telemetry,soil_parcel_001
,_result,11,2026-08-28T06:13:35.833430999Z,0,soil_moisture_pct,soil_telemetry,soil_parcel_001
,_result,11,2026-08-28T06:13:45.981379957Z,0,soil_moisture_pct,soil_telemetry,soil_parcel_001
,_result,11,2026-08-28T06:13:56.126149558Z,0,soil_moisture_pct,soil_telemetry,soil_parcel_001
,_result,11,2026-08-28T06:14:06.338146271Z,0,soil_moisture_pct,soil_telemetry,soil_parcel_001
,_result,11,2026-08-28T06:14:16.407033965Z,0,soil_moisture_pct,soil_telemetry,soil_parcel_001
,_result,11,2026-08-28T06:14:26.891125599Z,0,soil_moisture_pct,soil_telemetry,soil_parcel_001
,_result,11,2026-08-28T06:14:36.975053672Z,0,soil_moisture_pct,soil_telemetry,soil_parcel_001
,_result,11,2026-08-28T06:14:47.23052079Z,0,soil_moisture_pct,soil_telemetry,soil_parcel_001
,_result,11,2026-08-28T06:14:57.410437512Z,0,soil_moisture_pct,soil_telemetry,soil_parcel_001
,_result,11,2026-08-28T06:15:07.528331698Z,0,soil_moisture_pct,soil_telemetry,soil_parcel_001
,_result,11,2026-08-28T06:15:17.686357727Z,0,soil_moisture_pct,soil_telemetry,soil_parcel_001
,_result,11,2026-08-28T06:15:27.82044708Z,0,soil_moisture_pct,soil_telemetry,soil_parcel_001
,_result,11,2026-08-28T06:15:38.021734904Z,0,soil_moisture_pct,soil_telemetry,soil_parcel_001
,_result,11,2026-08-28T06:15:48.164728507Z,0,soil_moisture_pct,soil_telemetry,soil_parcel_001
,_result,11,2026-08-28T06:15:58.304176884Z,0,soil_moisture_pct,soil_telemetry,soil_parcel_001
,_result,11,2026-08-28T06:16:08.453386225Z,0,soil_moisture_pct,soil_telemetry,soil_parcel_001
,_result,11,2026-08-28T06:16:18.558683454Z,0,soil_moisture_pct,soil_telemetry,soil_parcel_001
,_result,11,2026-08-28T06:16:28.641793199Z,0,soil_moisture_pct,soil_telemetry,soil_parcel_001
,_result,11,2026-08-28T06:16:38.87349853Z,0,soil_moisture_pct,soil_telemetry,soil_parcel_001
,_result,11,2026-08-28T06:16:48.977710344Z,0,soil_moisture_pct,soil_telemetry,soil_parcel_001
,_result,11,2026-08-28T06:17:00.232480577Z,0,soil_moisture_pct,soil_telemetry,soil_parcel_001
,_result,11,2026-08-28T06:17:09.320455442Z,0,soil_moisture_pct,soil_telemetry,soil_parcel_001
,_result,11,2026-08-28T06:17:19.465739784Z,0,soil_moisture_pct,soil_telemetry,soil_parcel_001
,_result,11,2026-08-28T06:17:29.719440056Z,0,soil_moisture_pct,soil_telemetry,soil_parcel_001
,_result,11,2026-08-28T06:17:39.820507876Z,0,soil_moisture_pct,soil_telemetry,soil_parcel_001
,_result,11,2026-08-28T06:17:49.874890316Z,0,soil_moisture_pct,soil_telemetry,soil_parcel_001
,_result,11,2026-08-28T06:18:00.039875753Z,0,soil_moisture_pct,soil_telemetry,soil_parcel_001
,_result,11,2026-08-28T06:18:10.212489688Z,0,soil_moisture_pct,soil_telemetry,soil_parcel_001
,_result,11,2026-08-28T06:18:20.381968448Z,0,soil_moisture_pct,soil_telemetry,soil_parcel_001
,_result,11,2026-08-28T06:18:30.523301673Z,0,soil_moisture_pct,soil_telemetry,soil_parcel_001
,_result,11,2026-08-28T06:18:41.24789242Z,0,soil_moisture_pct,soil_telemetry,soil_parcel_001
,_result,11,2026-08-28T06:18:50.801912596Z,0,soil_moisture_pct,soil_telemetry,soil_parcel_001
,_result,11,2026-08-28T06:19:00.986988263Z,0,soil_moisture_pct,soil_telemetry,soil_parcel_001
,_result,11,2026-08-28T06:19:11.170932401Z,0,soil_moisture_pct,soil_telemetry,soil_parcel_001
,_result,11,2026-08-28T06:19:21.318758996Z,0,soil_moisture_pct,soil_telemetry,soil_parcel_001
,_result,11,2026-08-28T06:19:31.516500161Z,0,soil_moisture_pct,soil_telemetry,soil_parcel_001
,_result,11,2026-08-28T06:19:41.894949519Z,0,soil_moisture_pct,soil_telemetry,soil_parcel_001
,_result,11,2026-08-28T06:19:52.010178228Z,0,soil_moisture_pct,soil_telemetry,soil_parcel_001
,_result,11,2026-08-28T06:20:01.983825087Z,0,soil_moisture_pct,soil_telemetry,soil_parcel_001
,_result,11,2026-08-28T06:20:12.489360117Z,0,soil_moisture_pct,soil_telemetry,soil_parcel_001
,_result,11,2026-08-28T06:20:22.386249304Z,0,soil_moisture_pct,soil_telemetry,soil_parcel_001
,_result,11,2026-08-28T06:20:32.527696739Z,0,soil_moisture_pct,soil_telemetry,soil_parcel_001
,_result,11,2026-08-28T06:20:42.895169028Z,0,soil_moisture_pct,soil_telemetry,soil_parcel_001
,_result,11,2026-08-28T06:20:53.071377358Z,0,soil_moisture_pct,soil_telemetry,soil_parcel_001
,_result,11,2026-08-28T06:21:03.214516018Z,0,soil_moisture_pct,soil_telemetry,soil_parcel_001
,_result,11,2026-08-28T06:21:13.390170097Z,0,soil_moisture_pct,soil_telemetry,soil_parcel_001
,_result,11,2026-08-28T06:21:23.55185044Z,0,soil_moisture_pct,soil_telemetry,soil_parcel_001
,_result,11,2026-08-28T06:21:33.981269956Z,0,soil_moisture_pct,soil_telemetry,soil_parcel_001
,_result,11,2026-08-28T06:21:44.021485993Z,0,soil_moisture_pct,soil_telemetry,soil_parcel_001
,_result,11,2026-08-28T06:21:54.088824335Z,0,soil_moisture_pct,soil_telemetry,soil_parcel_001
,_result,11,2026-08-28T06:22:04.253961058Z,0,soil_moisture_pct,soil_telemetry,soil_parcel_001
,_result,11,2026-08-28T06:22:14.39587243Z,0,soil_moisture_pct,soil_telemetry,soil_parcel_001
,_result,11,2026-08-28T06:22:24.531889146Z,0,soil_moisture_pct,soil_telemetry,soil_parcel_001
,_result,11,2026-08-28T06:22:35.105675628Z,0,soil_moisture_pct,soil_telemetry,soil_parcel_001
,_result,11,2026-08-28T06:22:44.90482059Z,0,soil_moisture_pct,soil_telemetry,soil_parcel_001
,_result,11,2026-08-28T06:22:55.029191557Z,0,soil_moisture_pct,soil_telemetry,soil_parcel_001
,_result,11,2026-08-28T06:23:05.978340671Z,0,soil_moisture_pct,soil_telemetry,soil_parcel_001
,_result,11,2026-08-28T06:23:15.251122188Z,0,soil_moisture_pct,soil_telemetry,soil_parcel_001
,_result,11,2026-08-28T06:23:25.453358807Z,0,soil_moisture_pct,soil_telemetry,soil_parcel_001
,_result,11,2026-08-28T06:23:35.749546797Z,0,soil_moisture_pct,soil_telemetry,soil_parcel_001
,_result,11,2026-08-28T06:23:45.919665608Z,0,soil_moisture_pct,soil_telemetry,soil_parcel_001
,_result,11,2026-08-28T06:23:56.047516631Z,0,soil_moisture_pct,soil_telemetry,soil_parcel_001
,_result,11,2026-08-28T06:24:06.189372642Z,0,soil_moisture_pct,soil_telemetry,soil_parcel_001
,_result,11,2026-08-28T06:24:16.341608161Z,0,soil_moisture_pct,soil_telemetry,soil_parcel_001
,_result,11,2026-08-28T06:24:26.54174277Z,0,soil_moisture_pct,soil_telemetry,soil_parcel_001
,_result,11,2026-08-28T06:24:36.810044766Z,0,soil_moisture_pct,soil_telemetry,soil_parcel_001
,_result,11,2026-08-28T06:24:46.897380694Z,0,soil_moisture_pct,soil_telemetry,soil_parcel_001
,_result,11,2026-08-28T06:24:57.005994487Z,0,soil_moisture_pct,soil_telemetry,soil_parcel_001
,_result,11,2026-08-28T06:25:07.151894927Z,0,soil_moisture_pct,soil_telemetry,soil_parcel_001
,_result,11,2026-08-28T06:25:17.294048893Z,0,soil_moisture_pct,soil_telemetry,soil_parcel_001
,_result,11,2026-08-28T06:25:27.463552737Z,0,soil_moisture_pct,soil_telemetry,soil_parcel_001
,_result,11,2026-08-28T06:25:37.676778624Z,0,soil_moisture_pct,soil_telemetry,soil_parcel_001
,_result,11,2026-08-28T06:25:47.893870059Z,0,soil_moisture_pct,soil_telemetry,soil_parcel_001
,_result,11,2026-08-28T06:25:57.95963458Z,0,soil_moisture_pct,soil_telemetry,soil_parcel_001
,_result,11,2026-08-28T06:26:08.138670882Z,0,soil_moisture_pct,soil_telemetry,soil_parcel_001
,_result,11,2026-08-28T06:26:18.400561196Z,0,soil_moisture_pct,soil_telemetry,soil_parcel_001
,_result,11,2026-08-28T06:26:28.478682952Z,0,soil_moisture_pct,soil_telemetry,soil_parcel_001
,_result,11,2026-08-28T06:26:38.720080683Z,0,soil_moisture_pct,soil_telemetry,soil_parcel_001
,_result,11,2026-08-28T06:26:48.763906824Z,0,soil_moisture_pct,soil_telemetry,soil_parcel_001
,_result,11,2026-08-28T06:26:58.908752976Z,0,soil_moisture_pct,soil_telemetry,soil_parcel_001
,_result,11,2026-08-28T06:27:09.040878892Z,0,soil_moisture_pct,soil_telemetry,soil_parcel_001
,_result,11,2026-08-28T06:27:19.16853078Z,0,soil_moisture_pct,soil_telemetry,soil_parcel_001
,_result,11,2026-08-28T06:27:29.333271444Z,0,soil_moisture_pct,soil_telemetry,soil_parcel_001
,_result,11,2026-08-28T06:27:39.480537561Z,0,soil_moisture_pct,soil_telemetry,soil_parcel_001
,_result,11,2026-08-28T06:27:49.742593917Z,0,soil_moisture_pct,soil_telemetry,soil_parcel_001
,_result,11,2026-08-28T06:27:59.840820621Z,0,soil_moisture_pct,soil_telemetry,soil_parcel_001
,_result,11,2026-08-28T06:28:10.010268728Z,0,soil_moisture_pct,soil_telemetry,soil_parcel_001
,_result,11,2026-08-28T06:28:20.184610342Z,0,soil_moisture_pct,soil_telemetry,soil_parcel_001
,_result,11,2026-08-28T06:28:30.29505638Z,0,soil_moisture_pct,soil_telemetry,soil_parcel_001
,_result,11,2026-08-28T06:28:40.440911896Z,0,soil_moisture_pct,soil_telemetry,soil_parcel_001
,_result,11,2026-08-28T06:28:50.618618235Z,0,soil_moisture_pct,soil_telemetry,soil_parcel_001
,_result,11,2026-08-28T06:29:00.85197131Z,0,soil_moisture_pct,soil_telemetry,soil_parcel_001
,_result,11,2026-08-28T06:29:10.911306113Z,0,soil_moisture_pct,soil_telemetry,soil_parcel_001
,_result,11,2026-08-28T06:29:21.05291214Z,0,soil_moisture_pct,soil_telemetry,soil_parcel_001
,_result,11,2026-08-28T06:29:31.157807861Z,0,soil_moisture_pct,soil_telemetry,soil_parcel_001
,_result,11,2026-08-28T06:29:41.339348177Z,0,soil_moisture_pct,soil_telemetry,soil_parcel_001
,_result,11,2026-08-28T06:29:51.585033155Z,0,soil_moisture_pct,soil_telemetry,soil_parcel_001
,_result,11,2026-08-28T06:30:01.624519786Z,0,soil_moisture_pct,soil_telemetry,soil_parcel_001
,_result,11,2026-08-28T06:30:11.80213086Z,0,soil_moisture_pct,soil_telemetry,soil_parcel_001
,_result,11,2026-08-28T06:30:21.996514072Z,0,soil_moisture_pct,soil_telemetry,soil_parcel_001
,_result,11,2026-08-28T06:30:32.080461728Z,0,soil_moisture_pct,soil_telemetry,soil_parcel_001
,_result,11,2026-08-28T06:30:42.261096476Z,0,soil_moisture_pct,soil_telemetry,soil_parcel_001
,_result,11,2026-08-28T06:30:53.030101107Z,0,soil_moisture_pct,soil_telemetry,soil_parcel_001
,_result,11,2026-08-28T06:31:03.323607043Z,0,soil_moisture_pct,soil_telemetry,soil_parcel_001
,_result,11,2026-08-28T06:31:12.828585804Z,0,soil_moisture_pct,soil_telemetry,soil_parcel_001
,_result,11,2026-08-28T06:31:23.041164056Z,0,soil_moisture_pct,soil_telemetry,soil_parcel_001
,_result,11,2026-08-28T06:31:33.271328956Z,0,soil_moisture_pct,soil_telemetry,soil_parcel_001
,_result,11,2026-08-28T06:31:43.343301153Z,0,soil_moisture_pct,soil_telemetry,soil_parcel_001
,_result,11,2026-08-28T06:31:53.51934103Z,0,soil_moisture_pct,soil_telemetry,soil_parcel_001
,_result,11,2026-08-28T06:32:03.70175844Z,0,soil_moisture_pct,soil_telemetry,soil_parcel_001
,_result,11,2026-08-28T06:32:14.620887174Z,0,soil_moisture_pct,soil_telemetry,soil_parcel_001
,_result,11,2026-08-28T06:32:24.089004724Z,0,soil_moisture_pct,soil_telemetry,soil_parcel_001
,_result,11,2026-08-28T06:32:34.366873248Z,0,soil_moisture_pct,soil_telemetry,soil_parcel_001
,_result,11,2026-08-28T06:32:44.529183683Z,0,soil_moisture_pct,soil_telemetry,soil_parcel_001
,_result,11,2026-08-28T06:32:54.635503191Z,0,soil_moisture_pct,soil_telemetry,soil_parcel_001
,_result,11,2026-08-28T06:33:04.735528873Z,0,soil_moisture_pct,soil_telemetry,soil_parcel_001
,_result,11,2026-08-28T06:33:14.936134813Z,0,soil_moisture_pct,soil_telemetry,soil_parcel_001
,_result,11,2026-08-28T06:33:24.878582178Z,0,soil_moisture_pct,soil_telemetry,soil_parcel_001
,_result,11,2026-08-28T06:33:35.03358481Z,0,soil_moisture_pct,soil_telemetry,soil_parcel_001
,_result,11,2026-08-28T06:33:45.260466018Z,0,soil_moisture_pct,soil_telemetry,soil_parcel_001
,_result,11,2026-08-28T06:33:55.657919435Z,0,soil_moisture_pct,soil_telemetry,soil_parcel_001
,_result,11,2026-08-28T06:34:05.753103908Z,0,soil_moisture_pct,soil_telemetry,soil_parcel_001
,_result,11,2026-08-28T06:34:15.861024276Z,0,soil_moisture_pct,soil_telemetry,soil_parcel_001
,_result,11,2026-08-28T06:34:25.895224887Z,0,soil_moisture_pct,soil_telemetry,soil_parcel_001
,_result,11,2026-08-28T06:34:36.18114354Z,0,soil_moisture_pct,soil_telemetry,soil_parcel_001
,_result,11,2026-08-28T06:34:46.18460377Z,0,soil_moisture_pct,soil_telemetry,soil_parcel_001
,_result,11,2026-08-28T06:34:56.328590365Z,0,soil_moisture_pct,soil_telemetry,soil_parcel_001
,_result,11,2026-08-28T06:35:06.474543809Z,0,soil_moisture_pct,soil_telemetry,soil_parcel_001
,_result,11,2026-08-28T06:35:16.670989239Z,0,soil_moisture_pct,soil_telemetry,soil_parcel_001
,_result,11,2026-08-28T06:35:26.811765029Z,0,soil_moisture_pct,soil_telemetry,soil_parcel_001
,_result,11,2026-08-28T06:35:36.959727888Z,0,soil_moisture_pct,soil_telemetry,soil_parcel_001
,_result,11,2026-08-28T06:35:47.034170045Z,0,soil_moisture_pct,soil_telemetry,soil_parcel_001
,_result,11,2026-08-28T06:35:57.246575794Z,0,soil_moisture_pct,soil_telemetry,soil_parcel_001
,_result,11,2026-08-28T06:36:07.400927569Z,0,soil_moisture_pct,soil_telemetry,soil_parcel_001
,_result,11,2026-08-28T06:36:17.578536237Z,0,soil_moisture_pct,soil_telemetry,soil_parcel_001
,_result,11,2026-08-28T06:36:27.800970563Z,0,soil_moisture_pct,soil_telemetry,soil_parcel_001
,_result,11,2026-08-28T06:36:37.943876489Z,0,soil_moisture_pct,soil_telemetry,soil_parcel_001
,_result,11,2026-08-28T06:36:48.047661909Z,0,soil_moisture_pct,soil_telemetry,soil_parcel_001
,_result,11,2026-08-28T06:36:58.182566798Z,0,soil_moisture_pct,soil_telemetry,soil_parcel_001
,_result,11,2026-08-28T06:37:08.323225927Z,0,soil_moisture_pct,soil_telemetry,soil_parcel_001
,_result,11,2026-08-28T06:37:18.483118669Z,0,soil_moisture_pct,soil_telemetry,soil_parcel_001
,_result,11,2026-08-28T06:37:28.778865225Z,0,soil_moisture_pct,soil_telemetry,soil_parcel_001
,_result,11,2026-08-28T06:37:38.879898122Z,0,soil_moisture_pct,soil_telemetry,soil_parcel_001
,_result,11,2026-08-28T06:37:49.048395785Z,0,soil_moisture_pct,soil_telemetry,soil_parcel_001
,_result,11,2026-08-28T06:37:59.176614163Z,0,soil_moisture_pct,soil_telemetry,soil_parcel_001
,_result,11,2026-08-28T06:38:09.345296953Z,0,soil_moisture_pct,soil_telemetry,soil_parcel_001
,_result,11,2026-08-28T06:38:19.484216566Z,0,soil_moisture_pct,soil_telemetry,soil_parcel_001
,_result,11,2026-08-28T06:38:29.655955224Z,0,soil_moisture_pct,soil_telemetry,soil_parcel_001
,_result,11,2026-08-28T06:38:39.848249448Z,0,soil_moisture_pct,soil_telemetry,soil_parcel_001
,_result,11,2026-08-28T06:38:49.987536907Z,0,soil_moisture_pct,soil_telemetry,soil_parcel_001
,_result,11,2026-08-28T06:39:00.141045812Z,0,soil_moisture_pct,soil_telemetry,soil_parcel_001
,_result,11,2026-08-28T06:39:10.271902294Z,0,soil_moisture_pct,soil_telemetry,soil_parcel_001
,_result,11,2026-08-28T06:39:20.472867045Z,0,soil_moisture_pct,soil_telemetry,soil_parcel_001
,_result,11,2026-08-28T06:39:30.652998749Z,0,soil_moisture_pct,soil_telemetry,soil_parcel_001
,_result,11,2026-08-28T06:39:40.820208147Z,0,soil_moisture_pct,soil_telemetry,soil_parcel_001
,_result,11,2026-08-28T06:39:50.923377968Z,0,soil_moisture_pct,soil_telemetry,soil_parcel_001
,_result,11,2026-08-28T06:40:01.061360549Z,0,soil_moisture_pct,soil_telemetry,soil_parcel_001
,_result,11,2026-08-28T06:40:11.176768699Z,0,soil_moisture_pct,soil_telemetry,soil_parcel_001
,_result,11,2026-08-28T06:40:21.502377597Z,0,soil_moisture_pct,soil_telemetry,soil_parcel_001
,_result,11,2026-08-28T06:40:31.595275404Z,0,soil_moisture_pct,soil_telemetry,soil_parcel_001
,_result,11,2026-08-28T06:40:41.648638726Z,0,soil_moisture_pct,soil_telemetry,soil_parcel_001
,_result,11,2026-08-28T06:40:52.049647311Z,0,soil_moisture_pct,soil_telemetry,soil_parcel_001
,_result,11,2026-08-28T06:41:02.048265118Z,0,soil_moisture_pct,soil_telemetry,soil_parcel_001
,_result,11,2026-08-28T06:41:12.168356447Z,0,soil_moisture_pct,soil_telemetry,soil_parcel_001
,_result,11,2026-08-28T06:41:22.374825462Z,0,soil_moisture_pct,soil_telemetry,soil_parcel_001
,_result,11,2026-08-28T06:41:32.574906611Z,0,soil_moisture_pct,soil_telemetry,soil_parcel_001
,_result,11,2026-08-28T06:41:42.762685923Z,0,soil_moisture_pct,soil_telemetry,soil_parcel_001
,_result,11,2026-08-28T06:41:52.88763953Z,0,soil_moisture_pct,soil_telemetry,soil_parcel_001
,_result,11,2026-08-28T06:42:04.438228574Z,0,soil_moisture_pct,soil_telemetry,soil_parcel_001
,_result,11,2026-08-28T06:42:13.169835493Z,0,soil_moisture_pct,soil_telemetry,soil_parcel_001
,_result,11,2026-08-28T06:42:23.413758097Z,0,soil_moisture_pct,soil_telemetry,soil_parcel_001
,_result,11,2026-08-28T06:42:33.608811476Z,0,soil_moisture_pct,soil_telemetry,soil_parcel_001
,_result,11,2026-08-28T06:42:43.997783153Z,0,soil_moisture_pct,soil_telemetry,soil_parcel_001
,_result,11,2026-08-28T06:42:53.906991421Z,0,soil_moisture_pct,soil_telemetry,soil_parcel_001
,_result,11,2026-08-28T06:43:04.065839785Z,0,soil_moisture_pct,soil_telemetry,soil_parcel_001
,_result,11,2026-08-28T06:43:14.189312996Z,0,soil_moisture_pct,soil_telemetry,soil_parcel_001
,_result,11,2026-08-28T06:43:24.313407929Z,0,soil_moisture_pct,soil_telemetry,soil_parcel_001
,_result,11,2026-08-28T06:43:34.441509245Z,0,soil_moisture_pct,soil_telemetry,soil_parcel_001
,_result,11,2026-08-28T06:43:44.720954318Z,0,soil_moisture_pct,soil_telemetry,soil_parcel_001
,_result,11,2026-08-28T06:43:54.839606421Z,0,soil_moisture_pct,soil_telemetry,soil_parcel_001
,_result,11,2026-08-28T06:44:05.04039026Z,0,soil_moisture_pct,soil_telemetry,soil_parcel_001
,_result,11,2026-08-28T06:44:15.178761483Z,0,soil_moisture_pct,soil_telemetry,soil_parcel_001
,_result,11,2026-08-28T06:44:25.374052512Z,0,soil_moisture_pct,soil_telemetry,soil_parcel_001
,_result,11,2026-08-28T06:44:35.673943027Z,0,soil_moisture_pct,soil_telemetry,soil_parcel_001
,_result,11,2026-08-28T06:44:45.72181788Z,0,soil_moisture_pct,soil_telemetry,soil_parcel_001
,_result,11,2026-08-28T06:44:55.852835975Z,0,soil_moisture_pct,soil_telemetry,soil_parcel_001
,_result,11,2026-08-28T06:45:06.055467268Z,0,soil_moisture_pct,soil_telemetry,soil_parcel_001
,_result,11,2026-08-28T06:45:16.20597412Z,0,soil_moisture_pct,soil_telemetry,soil_parcel_001
,_result,11,2026-08-28T06:45:26.324476925Z,0,soil_moisture_pct,soil_telemetry,soil_parcel_001
,_result,11,2026-08-28T06:45:36.454081553Z,0,soil_moisture_pct,soil_telemetry,soil_parcel_001
,_result,11,2026-08-28T06:45:46.615362044Z,0,soil_moisture_pct,soil_telemetry,soil_parcel_001
,_result,11,2026-08-28T06:45:56.713069059Z,0,soil_moisture_pct,soil_telemetry,soil_parcel_001
,_result,11,2026-08-28T06:46:06.909121901Z,0,soil_moisture_pct,soil_telemetry,soil_parcel_001
,_result,11,2026-08-28T06:46:17.087690935Z,0,soil_moisture_pct,soil_telemetry,soil_parcel_001
,_result,11,2026-08-28T06:46:27.397359569Z,0,soil_moisture_pct,soil_telemetry,soil_parcel_001
,_result,11,2026-08-28T06:46:37.550922522Z,0,soil_moisture_pct,soil_telemetry,soil_parcel_001
,_result,11,2026-08-28T06:46:48.096863837Z,0,soil_moisture_pct,soil_telemetry,soil_parcel_001
,_result,11,2026-08-28T06:46:58.29088596Z,0,soil_moisture_pct,soil_telemetry,soil_parcel_001
,_result,11,2026-08-28T06:47:08.539399245Z,0,soil_moisture_pct,soil_telemetry,soil_parcel_001
,_result,11,2026-08-28T06:47:18.611191767Z,0,soil_moisture_pct,soil_telemetry,soil_parcel_001
,_result,11,2026-08-28T06:47:28.760338725Z,0,soil_moisture_pct,soil_telemetry,soil_parcel_001
,_result,11,2026-08-28T06:47:38.933935052Z,0,soil_moisture_pct,soil_telemetry,soil_parcel_001
,_result,11,2026-08-28T06:47:49.202495675Z,0,soil_moisture_pct,soil_telemetry,soil_parcel_001
,_result,11,2026-08-28T06:47:59.204055341Z,0,soil_moisture_pct,soil_telemetry,soil_parcel_001
,_result,11,2026-08-28T06:48:09.380414613Z,0,soil_moisture_pct,soil_telemetry,soil_parcel_001
,_result,11,2026-08-28T06:48:19.499464258Z,0,soil_moisture_pct,soil_telemetry,soil_parcel_001
,_result,11,2026-08-28T06:48:29.606837804Z,0,soil_moisture_pct,soil_telemetry,soil_parcel_001
,_result,11,2026-08-28T06:48:39.740600328Z,0,soil_moisture_pct,soil_telemetry,soil_parcel_001
,_result,11,2026-08-28T06:48:49.894249189Z,0,soil_moisture_pct,soil_telemetry,soil_parcel_001
,_result,11,2026-08-28T06:49:00.01892222Z,0,soil_moisture_pct,soil_telemetry,soil_parcel_001
,_result,11,2026-08-28T06:49:10.734987887Z,0,soil_moisture_pct,soil_telemetry,soil_parcel_001
,_result,11,2026-08-28T06:49:20.658429038Z,0,soil_moisture_pct,soil_telemetry,soil_parcel_001
,_result,11,2026-08-28T06:49:30.598366572Z,0,soil_moisture_pct,soil_telemetry,soil_parcel_001
,_result,11,2026-08-28T06:49:40.728661161Z,0,soil_moisture_pct,soil_telemetry,soil_parcel_001
,_result,11,2026-08-28T06:49:50.927951149Z,0,soil_moisture_pct,soil_telemetry,soil_parcel_001
,_result,11,2026-08-28T06:50:01.290395353Z,0,soil_moisture_pct,soil_telemetry,soil_parcel_001
,_result,11,2026-08-28T06:50:11.221778578Z,0,soil_moisture_pct,soil_telemetry,soil_parcel_001
,_result,11,2026-08-28T06:50:21.390336843Z,0,soil_moisture_pct,soil_telemetry,soil_parcel_001
,_result,11,2026-08-28T06:50:31.576629046Z,0,soil_moisture_pct,soil_telemetry,soil_parcel_001
,_result,11,2026-08-28T06:50:41.668342589Z,0,soil_moisture_pct,soil_telemetry,soil_parcel_001
,_result,11,2026-08-28T06:50:51.783016432Z,0,soil_moisture_pct,soil_telemetry,soil_parcel_001
,_result,11,2026-08-28T06:51:01.928954807Z,0,soil_moisture_pct,soil_telemetry,soil_parcel_001
,_result,11,2026-08-28T06:51:12.04159461Z,0,soil_moisture_pct,soil_telemetry,soil_parcel_001
,_result,11,2026-08-28T06:51:22.225650488Z,0,soil_moisture_pct,soil_telemetry,soil_parcel_001
,_result,11,2026-08-28T06:51:33.490318053Z,0,soil_moisture_pct,soil_telemetry,soil_parcel_001
,_result,11,2026-08-28T06:51:42.577568762Z,0,soil_moisture_pct,soil_telemetry,soil_parcel_001
,_result,11,2026-08-28T06:51:52.623392778Z,0,soil_moisture_pct,soil_telemetry,soil_parcel_001
,_result,11,2026-08-28T06:52:02.829219517Z,0,soil_moisture_pct,soil_telemetry,soil_parcel_001
,_result,11,2026-08-28T06:52:12.929679075Z,0,soil_moisture_pct,soil_telemetry,soil_parcel_001
,_result,11,2026-08-28T06:52:23.113945811Z,0,soil_moisture_pct,soil_telemetry,soil_parcel_001
,_result,11,2026-08-28T06:52:34.099953532Z,0,soil_moisture_pct,soil_telemetry,soil_parcel_001
,_result,11,2026-08-28T06:52:43.900761276Z,0,soil_moisture_pct,soil_telemetry,soil_parcel_001
,_result,11,2026-08-28T06:52:53.701055852Z,0,soil_moisture_pct,soil_telemetry,soil_parcel_001
,_result,11,2026-08-28T06:53:03.951757198Z,0,soil_moisture_pct,soil_telemetry,soil_parcel_001
,_result,11,2026-08-28T06:53:14.01004536Z,0,soil_moisture_pct,soil_telemetry,soil_parcel_001
,_result,11,2026-08-28T06:53:24.460238234Z,0,soil_moisture_pct,soil_telemetry,soil_parcel_001
,_result,11,2026-08-28T06:53:34.348941606Z,0,soil_moisture_pct,soil_telemetry,soil_parcel_001
,_result,11,2026-08-28T06:53:44.545138003Z,0,soil_moisture_pct,soil_telemetry,soil_parcel_001
,_result,11,2026-08-28T06:53:54.616243676Z,0,soil_moisture_pct,soil_telemetry,soil_parcel_001
,_result,11,2026-08-28T06:54:04.758677354Z,0,soil_moisture_pct,soil_telemetry,soil_parcel_001
,_result,11,2026-08-28T06:54:15.025651488Z,0,soil_moisture_pct,soil_telemetry,soil_parcel_001
,_result,11,2026-08-28T06:54:25.09497759Z,0,soil_moisture_pct,soil_telemetry,soil_parcel_001
,_result,11,2026-08-28T06:54:35.228800814Z,0,soil_moisture_pct,soil_telemetry,soil_parcel_001
,_result,11,2026-08-28T06:54:45.416644297Z,0,soil_moisture_pct,soil_telemetry,soil_parcel_001
,_result,11,2026-08-28T06:54:55.549242517Z,0,soil_moisture_pct,soil_telemetry,soil_parcel_001
,_result,11,2026-08-28T06:55:05.755872818Z,0,soil_moisture_pct,soil_telemetry,soil_parcel_001
,_result,11,2026-08-28T06:55:15.842455115Z,0,soil_moisture_pct,soil_telemetry,soil_parcel_001
,_result,11,2026-08-28T06:55:25.98350605Z,0,soil_moisture_pct,soil_telemetry,soil_parcel_001
,_result,11,2026-08-28T06:55:36.136129292Z,0,soil_moisture_pct,soil_telemetry,soil_parcel_001
,_result,11,2026-08-28T06:55:46.238456644Z,0,soil_moisture_pct,soil_telemetry,soil_parcel_001
,_result,11,2026-08-28T06:55:56.448133787Z,0,soil_moisture_pct,soil_telemetry,soil_parcel_001
,_result,11,2026-08-28T06:56:06.639581989Z,0,soil_moisture_pct,soil_telemetry,soil_parcel_001
,_result,11,2026-08-28T06:56:16.7414269Z,0,soil_moisture_pct,soil_telemetry,soil_parcel_001
,_result,11,2026-08-28T06:56:26.979659718Z,0,soil_moisture_pct,soil_telemetry,soil_parcel_001
,_result,11,2026-08-28T06:56:37.043753011Z,0,soil_moisture_pct,soil_telemetry,soil_parcel_001
,_result,12,2026-08-28T05:09:03.60336311Z,3,soil_moisture_pct_quality,soil_processed,soil_parcel_001
,_result,12,2026-08-28T05:10:09.827191403Z,3,soil_moisture_pct_quality,soil_processed,soil_parcel_001
,_result,12,2026-08-28T05:11:15.563010854Z,3,soil_moisture_pct_quality,soil_processed,soil_parcel_001
,_result,12,2026-08-28T05:12:21.86917148Z,3,soil_moisture_pct_quality,soil_processed,soil_parcel_001
,_result,12,2026-08-28T05:13:28.452556176Z,3,soil_moisture_pct_quality,soil_processed,soil_parcel_001
,_result,12,2026-08-28T05:14:37.178891361Z,3,soil_moisture_pct_quality,soil_processed,soil_parcel_001
,_result,12,2026-08-28T05:15:43.829552487Z,3,soil_moisture_pct_quality,soil_processed,soil_parcel_001
,_result,12,2026-08-28T05:16:49.622537216Z,3,soil_moisture_pct_quality,soil_processed,soil_parcel_001
,_result,12,2026-08-28T05:17:55.070740052Z,3,soil_moisture_pct_quality,soil_processed,soil_parcel_001
,_result,12,2026-08-28T05:19:00.646088372Z,3,soil_moisture_pct_quality,soil_processed,soil_parcel_001
,_result,12,2026-08-28T05:20:06.645081726Z,3,soil_moisture_pct_quality,soil_processed,soil_parcel_001
,_result,12,2026-08-28T05:21:13.068021672Z,3,soil_moisture_pct_quality,soil_processed,soil_parcel_001
,_result,12,2026-08-28T05:22:18.920253162Z,3,soil_moisture_pct_quality,soil_processed,soil_parcel_001
,_result,12,2026-08-28T05:23:24.660530666Z,3,soil_moisture_pct_quality,soil_processed,soil_parcel_001
,_result,12,2026-08-28T05:24:30.117858061Z,3,soil_moisture_pct_quality,soil_processed,soil_parcel_001
,_result,12,2026-08-28T05:25:35.435488142Z,3,soil_moisture_pct_quality,soil_processed,soil_parcel_001
,_result,12,2026-08-28T05:26:41.205473285Z,3,soil_moisture_pct_quality,soil_processed,soil_parcel_001
,_result,12,2026-08-28T05:27:46.818188623Z,3,soil_moisture_pct_quality,soil_processed,soil_parcel_001
,_result,12,2026-08-28T05:28:52.398300605Z,3,soil_moisture_pct_quality,soil_processed,soil_parcel_001
,_result,12,2026-08-28T05:29:57.663198098Z,3,soil_moisture_pct_quality,soil_processed,soil_parcel_001
,_result,12,2026-08-28T05:31:04.150922219Z,3,soil_moisture_pct_quality,soil_processed,soil_parcel_001
,_result,12,2026-08-28T05:32:09.980793983Z,3,soil_moisture_pct_quality,soil_processed,soil_parcel_001
,_result,12,2026-08-28T05:33:15.294112881Z,3,soil_moisture_pct_quality,soil_processed,soil_parcel_001
,_result,12,2026-08-28T05:34:20.666876052Z,3,soil_moisture_pct_quality,soil_processed,soil_parcel_001
,_result,12,2026-08-28T05:35:25.773266834Z,3,soil_moisture_pct_quality,soil_processed,soil_parcel_001
,_result,12,2026-08-28T05:36:31.135599684Z,3,soil_moisture_pct_quality,soil_processed,soil_parcel_001
,_result,12,2026-08-28T05:37:36.69130304Z,3,soil_moisture_pct_quality,soil_processed,soil_parcel_001
,_result,12,2026-08-28T05:38:42.789863318Z,3,soil_moisture_pct_quality,soil_processed,soil_parcel_001
,_result,12,2026-08-28T05:39:48.460294261Z,3,soil_moisture_pct_quality,soil_processed,soil_parcel_001
,_result,12,2026-08-28T05:40:54.280692282Z,3,soil_moisture_pct_quality,soil_processed,soil_parcel_001
,_result,12,2026-08-28T05:41:59.860760303Z,3,soil_moisture_pct_quality,soil_processed,soil_parcel_001
,_result,12,2026-08-28T05:43:05.727488212Z,3,soil_moisture_pct_quality,soil_processed,soil_parcel_001
,_result,12,2026-08-28T05:44:11.409662255Z,3,soil_moisture_pct_quality,soil_processed,soil_parcel_001
,_result,12,2026-08-28T05:45:16.707091559Z,3,soil_moisture_pct_quality,soil_processed,soil_parcel_001
,_result,12,2026-08-28T05:46:22.036281023Z,3,soil_moisture_pct_quality,soil_processed,soil_parcel_001
,_result,12,2026-08-28T05:47:28.041128149Z,3,soil_moisture_pct_quality,soil_processed,soil_parcel_001
,_result,12,2026-08-28T05:48:33.361305419Z,1,soil_moisture_pct_quality,soil_processed,soil_parcel_001
,_result,12,2026-08-28T05:49:38.72192391Z,3,soil_moisture_pct_quality,soil_processed,soil_parcel_001
,_result,12,2026-08-28T05:50:44.032186878Z,3,soil_moisture_pct_quality,soil_processed,soil_parcel_001
,_result,12,2026-08-28T05:51:49.854780146Z,3,soil_moisture_pct_quality,soil_processed,soil_parcel_001
,_result,12,2026-08-28T05:52:55.34240694Z,3,soil_moisture_pct_quality,soil_processed,soil_parcel_001
,_result,12,2026-08-28T05:54:00.787048611Z,3,soil_moisture_pct_quality,soil_processed,soil_parcel_001
,_result,12,2026-08-28T05:55:07.010872264Z,3,soil_moisture_pct_quality,soil_processed,soil_parcel_001
,_result,12,2026-08-28T05:56:13.966225606Z,3,soil_moisture_pct_quality,soil_processed,soil_parcel_001
,_result,12,2026-08-28T05:57:20.249235387Z,3,soil_moisture_pct_quality,soil_processed,soil_parcel_001
,_result,12,2026-08-28T05:58:27.77057773Z,3,soil_moisture_pct_quality,soil_processed,soil_parcel_001
,_result,12,2026-08-28T05:59:33.976704346Z,3,soil_moisture_pct_quality,soil_processed,soil_parcel_001
,_result,12,2026-08-28T06:00:42.729422516Z,3,soil_moisture_pct_quality,soil_processed,soil_parcel_001
,_result,12,2026-08-28T06:01:48.261776459Z,3,soil_moisture_pct_quality,soil_processed,soil_parcel_001
,_result,12,2026-08-28T06:02:59.090509819Z,3,soil_moisture_pct_quality,soil_processed,soil_parcel_001
,_result,12,2026-08-28T06:04:05.707883673Z,3,soil_moisture_pct_quality,soil_processed,soil_parcel_001
,_result,12,2026-08-28T06:05:11.151634164Z,3,soil_moisture_pct_quality,soil_processed,soil_parcel_001
,_result,12,2026-08-28T06:06:16.543728637Z,3,soil_moisture_pct_quality,soil_processed,soil_parcel_001
,_result,12,2026-08-28T06:07:21.923581334Z,3,soil_moisture_pct_quality,soil_processed,soil_parcel_001
,_result,12,2026-08-28T06:08:27.320538368Z,3,soil_moisture_pct_quality,soil_processed,soil_parcel_001
,_result,12,2026-08-28T06:09:35.124297922Z,3,soil_moisture_pct_quality,soil_processed,soil_parcel_001
,_result,12,2026-08-28T06:10:40.530889673Z,3,soil_moisture_pct_quality,soil_processed,soil_parcel_001
,_result,12,2026-08-28T06:11:45.944411418Z,3,soil_moisture_pct_quality,soil_processed,soil_parcel_001
,_result,12,2026-08-28T06:12:51.295318569Z,3,soil_moisture_pct_quality,soil_processed,soil_parcel_001
,_result,12,2026-08-28T06:13:56.530744036Z,3,soil_moisture_pct_quality,soil_processed,soil_parcel_001
,_result,12,2026-08-28T06:15:02.114356547Z,3,soil_moisture_pct_quality,soil_processed,soil_parcel_001
,_result,12,2026-08-28T06:16:07.641817392Z,3,soil_moisture_pct_quality,soil_processed,soil_parcel_001
,_result,12,2026-08-28T06:17:13.14375978Z,3,soil_moisture_pct_quality,soil_processed,soil_parcel_001
,_result,12,2026-08-28T06:18:18.406505799Z,3,soil_moisture_pct_quality,soil_processed,soil_parcel_001
,_result,12,2026-08-28T06:19:23.769150648Z,3,soil_moisture_pct_quality,soil_processed,soil_parcel_001
,_result,12,2026-08-28T06:20:29.004586832Z,3,soil_moisture_pct_quality,soil_processed,soil_parcel_001
,_result,12,2026-08-28T06:21:35.18305454Z,3,soil_moisture_pct_quality,soil_processed,soil_parcel_001
,_result,12,2026-08-28T06:22:41.505534476Z,3,soil_moisture_pct_quality,soil_processed,soil_parcel_001
,_result,12,2026-08-28T06:23:47.331819906Z,3,soil_moisture_pct_quality,soil_processed,soil_parcel_001
,_result,12,2026-08-28T06:24:53.482753245Z,3,soil_moisture_pct_quality,soil_processed,soil_parcel_001
,_result,12,2026-08-28T06:25:59.664935896Z,3,soil_moisture_pct_quality,soil_processed,soil_parcel_001
,_result,12,2026-08-28T06:27:05.069138141Z,3,soil_moisture_pct_quality,soil_processed,soil_parcel_001
,_result,12,2026-08-28T06:28:10.451787395Z,3,soil_moisture_pct_quality,soil_processed,soil_parcel_001
,_result,12,2026-08-28T06:29:16.259135618Z,3,soil_moisture_pct_quality,soil_processed,soil_parcel_001
,_result,12,2026-08-28T06:30:21.844737385Z,3,soil_moisture_pct_quality,soil_processed,soil_parcel_001
,_result,12,2026-08-28T06:31:27.116838675Z,3,soil_moisture_pct_quality,soil_processed,soil_parcel_001
,_result,12,2026-08-28T06:32:32.82887562Z,3,soil_moisture_pct_quality,soil_processed,soil_parcel_001
,_result,12,2026-08-28T06:33:38.511257074Z,3,soil_moisture_pct_quality,soil_processed,soil_parcel_001
,_result,12,2026-08-28T06:34:43.905217631Z,3,soil_moisture_pct_quality,soil_processed,soil_parcel_001
,_result,12,2026-08-28T06:35:49.511898813Z,3,soil_moisture_pct_quality,soil_processed,soil_parcel_001
,_result,12,2026-08-28T06:36:54.783304382Z,3,soil_moisture_pct_quality,soil_processed,soil_parcel_001
,_result,12,2026-08-28T06:38:00.341205463Z,3,soil_moisture_pct_quality,soil_processed,soil_parcel_001
,_result,12,2026-08-28T06:39:05.664137259Z,3,soil_moisture_pct_quality,soil_processed,soil_parcel_001
,_result,12,2026-08-28T06:40:11.013420405Z,3,soil_moisture_pct_quality,soil_processed,soil_parcel_001
,_result,12,2026-08-28T06:41:16.374642693Z,3,soil_moisture_pct_quality,soil_processed,soil_parcel_001
,_result,12,2026-08-28T06:42:21.797783686Z,3,soil_moisture_pct_quality,soil_processed,soil_parcel_001
,_result,12,2026-08-28T06:43:27.880635748Z,3,soil_moisture_pct_quality,soil_processed,soil_parcel_001
,_result,12,2026-08-28T06:44:33.240140421Z,3,soil_moisture_pct_quality,soil_processed,soil_parcel_001
,_result,12,2026-08-28T06:45:39.215966588Z,3,soil_moisture_pct_quality,soil_processed,soil_parcel_001
,_result,12,2026-08-28T06:46:44.621429835Z,3,soil_moisture_pct_quality,soil_processed,soil_parcel_001
,_result,12,2026-08-28T06:47:50.980430125Z,3,soil_moisture_pct_quality,soil_processed,soil_parcel_001
,_result,12,2026-08-28T06:48:56.284439096Z,3,soil_moisture_pct_quality,soil_processed,soil_parcel_001
,_result,12,2026-08-28T06:50:02.595134793Z,3,soil_moisture_pct_quality,soil_processed,soil_parcel_001
,_result,12,2026-08-28T06:51:09.049799894Z,3,soil_moisture_pct_quality,soil_processed,soil_parcel_001
,_result,12,2026-08-28T06:52:14.945156763Z,3,soil_moisture_pct_quality,soil_processed,soil_parcel_001
,_result,12,2026-08-28T06:53:20.421973382Z,3,soil_moisture_pct_quality,soil_processed,soil_parcel_001
,_result,12,2026-08-28T06:54:26.648705002Z,3,soil_moisture_pct_quality,soil_processed,soil_parcel_001
,_result,12,2026-08-28T06:55:32.446659922Z,3,soil_moisture_pct_quality,soil_processed,soil_parcel_001
,_result,12,2026-08-28T06:56:37.601290957Z,3,soil_moisture_pct_quality,soil_processed,soil_parcel_001
,_result,12,2026-08-28T06:57:42.840425846Z,3,soil_moisture_pct_quality,soil_processed,soil_parcel_001
,_result,12,2026-08-28T06:58:48.060505884Z,3,soil_moisture_pct_quality,soil_processed,soil_parcel_001
,_result,12,2026-08-28T06:59:53.610717312Z,3,soil_moisture_pct_quality,soil_processed,soil_parcel_001
,_result,12,2026-08-28T07:02:55.52168076Z,3,soil_moisture_pct_quality,soil_processed,soil_parcel_001
,_result,12,2026-08-28T07:04:00.157433788Z,3,soil_moisture_pct_quality,soil_processed,soil_parcel_001
,_result,12,2026-08-28T07:05:05.224857342Z,3,soil_moisture_pct_quality,soil_processed,soil_parcel_001
,_result,12,2026-08-28T07:06:09.593641922Z,3,soil_moisture_pct_quality,soil_processed,soil_parcel_001
,_result,13,2026-08-28T05:09:03.60336311Z,0,soil_moisture_pct_roc,soil_processed,soil_parcel_001
,_result,13,2026-08-28T05:10:09.827191403Z,0,soil_moisture_pct_roc,soil_processed,soil_parcel_001
,_result,13,2026-08-28T05:11:15.563010854Z,0,soil_moisture_pct_roc,soil_processed,soil_parcel_001
,_result,13,2026-08-28T05:12:21.86917148Z,0,soil_moisture_pct_roc,soil_processed,soil_parcel_001
,_result,13,2026-08-28T05:13:28.452556176Z,0,soil_moisture_pct_roc,soil_processed,soil_parcel_001
,_result,13,2026-08-28T05:14:37.178891361Z,0,soil_moisture_pct_roc,soil_processed,soil_parcel_001
,_result,13,2026-08-28T05:15:43.829552487Z,0,soil_moisture_pct_roc,soil_processed,soil_parcel_001
,_result,13,2026-08-28T05:16:49.622537216Z,0,soil_moisture_pct_roc,soil_processed,soil_parcel_001
,_result,13,2026-08-28T05:17:55.070740052Z,0,soil_moisture_pct_roc,soil_processed,soil_parcel_001
,_result,13,2026-08-28T05:19:00.646088372Z,0,soil_moisture_pct_roc,soil_processed,soil_parcel_001
,_result,13,2026-08-28T05:20:06.645081726Z,0,soil_moisture_pct_roc,soil_processed,soil_parcel_001
,_result,13,2026-08-28T05:21:13.068021672Z,0,soil_moisture_pct_roc,soil_processed,soil_parcel_001
,_result,13,2026-08-28T05:22:18.920253162Z,0,soil_moisture_pct_roc,soil_processed,soil_parcel_001
,_result,13,2026-08-28T05:23:24.660530666Z,0,soil_moisture_pct_roc,soil_processed,soil_parcel_001
,_result,13,2026-08-28T05:24:30.117858061Z,0,soil_moisture_pct_roc,soil_processed,soil_parcel_001
,_result,13,2026-08-28T05:25:35.435488142Z,0,soil_moisture_pct_roc,soil_processed,soil_parcel_001
,_result,13,2026-08-28T05:26:41.205473285Z,0,soil_moisture_pct_roc,soil_processed,soil_parcel_001
,_result,13,2026-08-28T05:27:46.818188623Z,0,soil_moisture_pct_roc,soil_processed,soil_parcel_001
,_result,13,2026-08-28T05:28:52.398300605Z,0,soil_moisture_pct_roc,soil_processed,soil_parcel_001
,_result,13,2026-08-28T05:29:57.663198098Z,0,soil_moisture_pct_roc,soil_processed,soil_parcel_001
,_result,13,2026-08-28T05:31:04.150922219Z,0,soil_moisture_pct_roc,soil_processed,soil_parcel_001
,_result,13,2026-08-28T05:32:09.980793983Z,0,soil_moisture_pct_roc,soil_processed,soil_parcel_001
,_result,13,2026-08-28T05:33:15.294112881Z,0,soil_moisture_pct_roc,soil_processed,soil_parcel_001
,_result,13,2026-08-28T05:34:20.666876052Z,0,soil_moisture_pct_roc,soil_processed,soil_parcel_001
,_result,13,2026-08-28T05:35:25.773266834Z,0,soil_moisture_pct_roc,soil_processed,soil_parcel_001
,_result,13,2026-08-28T05:36:31.135599684Z,0,soil_moisture_pct_roc,soil_processed,soil_parcel_001
,_result,13,2026-08-28T05:37:36.69130304Z,0,soil_moisture_pct_roc,soil_processed,soil_parcel_001
,_result,13,2026-08-28T05:38:42.789863318Z,0,soil_moisture_pct_roc,soil_processed,soil_parcel_001
,_result,13,2026-08-28T05:39:48.460294261Z,0,soil_moisture_pct_roc,soil_processed,soil_parcel_001
,_result,13,2026-08-28T05:40:54.280692282Z,0,soil_moisture_pct_roc,soil_processed,soil_parcel_001
,_result,13,2026-08-28T05:41:59.860760303Z,0,soil_moisture_pct_roc,soil_processed,soil_parcel_001
,_result,13,2026-08-28T05:43:05.727488212Z,0,soil_moisture_pct_roc,soil_processed,soil_parcel_001
,_result,13,2026-08-28T05:44:11.409662255Z,0,soil_moisture_pct_roc,soil_processed,soil_parcel_001
,_result,13,2026-08-28T05:45:16.707091559Z,0,soil_moisture_pct_roc,soil_processed,soil_parcel_001
,_result,13,2026-08-28T05:46:22.036281023Z,0,soil_moisture_pct_roc,soil_processed,soil_parcel_001
,_result,13,2026-08-28T05:47:28.041128149Z,0,soil_moisture_pct_roc,soil_processed,soil_parcel_001
,_result,13,2026-08-28T05:48:33.361305419Z,56.4,soil_moisture_pct_roc,soil_processed,soil_parcel_001
,_result,13,2026-08-28T05:49:38.72192391Z,-100,soil_moisture_pct_roc,soil_processed,soil_parcel_001
,_result,13,2026-08-28T05:50:44.032186878Z,0,soil_moisture_pct_roc,soil_processed,soil_parcel_001
,_result,13,2026-08-28T05:51:49.854780146Z,0,soil_moisture_pct_roc,soil_processed,soil_parcel_001
,_result,13,2026-08-28T05:52:55.34240694Z,0,soil_moisture_pct_roc,soil_processed,soil_parcel_001
,_result,13,2026-08-28T05:54:00.787048611Z,0,soil_moisture_pct_roc,soil_processed,soil_parcel_001
,_result,13,2026-08-28T05:55:07.010872264Z,0,soil_moisture_pct_roc,soil_processed,soil_parcel_001
,_result,13,2026-08-28T05:56:13.966225606Z,0,soil_moisture_pct_roc,soil_processed,soil_parcel_001
,_result,13,2026-08-28T05:57:20.249235387Z,0,soil_moisture_pct_roc,soil_processed,soil_parcel_001
,_result,13,2026-08-28T05:58:27.77057773Z,0,soil_moisture_pct_roc,soil_processed,soil_parcel_001
,_result,13,2026-08-28T05:59:33.976704346Z,0,soil_moisture_pct_roc,soil_processed,soil_parcel_001
,_result,13,2026-08-28T06:00:42.729422516Z,0,soil_moisture_pct_roc,soil_processed,soil_parcel_001
,_result,13,2026-08-28T06:01:48.261776459Z,0,soil_moisture_pct_roc,soil_processed,soil_parcel_001
,_result,13,2026-08-28T06:02:59.090509819Z,0,soil_moisture_pct_roc,soil_processed,soil_parcel_001
,_result,13,2026-08-28T06:04:05.707883673Z,0,soil_moisture_pct_roc,soil_processed,soil_parcel_001
,_result,13,2026-08-28T06:05:11.151634164Z,0,soil_moisture_pct_roc,soil_processed,soil_parcel_001
,_result,13,2026-08-28T06:06:16.543728637Z,0,soil_moisture_pct_roc,soil_processed,soil_parcel_001
,_result,13,2026-08-28T06:07:21.923581334Z,0,soil_moisture_pct_roc,soil_processed,soil_parcel_001
,_result,13,2026-08-28T06:08:27.320538368Z,0,soil_moisture_pct_roc,soil_processed,soil_parcel_001
,_result,13,2026-08-28T06:09:35.124297922Z,0,soil_moisture_pct_roc,soil_processed,soil_parcel_001
,_result,13,2026-08-28T06:10:40.530889673Z,0,soil_moisture_pct_roc,soil_processed,soil_parcel_001
,_result,13,2026-08-28T06:11:45.944411418Z,0,soil_moisture_pct_roc,soil_processed,soil_parcel_001
,_result,13,2026-08-28T06:12:51.295318569Z,0,soil_moisture_pct_roc,soil_processed,soil_parcel_001
,_result,13,2026-08-28T06:13:56.530744036Z,0,soil_moisture_pct_roc,soil_processed,soil_parcel_001
,_result,13,2026-08-28T06:15:02.114356547Z,0,soil_moisture_pct_roc,soil_processed,soil_parcel_001
,_result,13,2026-08-28T06:16:07.641817392Z,0,soil_moisture_pct_roc,soil_processed,soil_parcel_001
,_result,13,2026-08-28T06:17:13.14375978Z,0,soil_moisture_pct_roc,soil_processed,soil_parcel_001
,_result,13,2026-08-28T06:18:18.406505799Z,0,soil_moisture_pct_roc,soil_processed,soil_parcel_001
,_result,13,2026-08-28T06:19:23.769150648Z,0,soil_moisture_pct_roc,soil_processed,soil_parcel_001
,_result,13,2026-08-28T06:20:29.004586832Z,0,soil_moisture_pct_roc,soil_processed,soil_parcel_001
,_result,13,2026-08-28T06:21:35.18305454Z,0,soil_moisture_pct_roc,soil_processed,soil_parcel_001
,_result,13,2026-08-28T06:22:41.505534476Z,0,soil_moisture_pct_roc,soil_processed,soil_parcel_001
,_result,13,2026-08-28T06:23:47.331819906Z,0,soil_moisture_pct_roc,soil_processed,soil_parcel_001
,_result,13,2026-08-28T06:24:53.482753245Z,0,soil_moisture_pct_roc,soil_processed,soil_parcel_001
,_result,13,2026-08-28T06:25:59.664935896Z,0,soil_moisture_pct_roc,soil_processed,soil_parcel_001
,_result,13,2026-08-28T06:27:05.069138141Z,0,soil_moisture_pct_roc,soil_processed,soil_parcel_001
,_result,13,2026-08-28T06:28:10.451787395Z,0,soil_moisture_pct_roc,soil_processed,soil_parcel_001
,_result,13,2026-08-28T06:29:16.259135618Z,0,soil_moisture_pct_roc,soil_processed,soil_parcel_001
,_result,13,2026-08-28T06:30:21.844737385Z,0,soil_moisture_pct_roc,soil_processed,soil_parcel_001
,_result,13,2026-08-28T06:31:27.116838675Z,0,soil_moisture_pct_roc,soil_processed,soil_parcel_001
,_result,13,2026-08-28T06:32:32.82887562Z,0,soil_moisture_pct_roc,soil_processed,soil_parcel_001
,_result,13,2026-08-28T06:33:38.511257074Z,0,soil_moisture_pct_roc,soil_processed,soil_parcel_001
,_result,13,2026-08-28T06:34:43.905217631Z,0,soil_moisture_pct_roc,soil_processed,soil_parcel_001
,_result,13,2026-08-28T06:35:49.511898813Z,0,soil_moisture_pct_roc,soil_processed,soil_parcel_001
,_result,13,2026-08-28T06:36:54.783304382Z,0,soil_moisture_pct_roc,soil_processed,soil_parcel_001
,_result,13,2026-08-28T06:38:00.341205463Z,0,soil_moisture_pct_roc,soil_processed,soil_parcel_001
,_result,13,2026-08-28T06:39:05.664137259Z,0,soil_moisture_pct_roc,soil_processed,soil_parcel_001
,_result,13,2026-08-28T06:40:11.013420405Z,0,soil_moisture_pct_roc,soil_processed,soil_parcel_001
,_result,13,2026-08-28T06:41:16.374642693Z,0,soil_moisture_pct_roc,soil_processed,soil_parcel_001
,_result,13,2026-08-28T06:42:21.797783686Z,0,soil_moisture_pct_roc,soil_processed,soil_parcel_001
,_result,13,2026-08-28T06:43:27.880635748Z,0,soil_moisture_pct_roc,soil_processed,soil_parcel_001
,_result,13,2026-08-28T06:44:33.240140421Z,0,soil_moisture_pct_roc,soil_processed,soil_parcel_001
,_result,13,2026-08-28T06:45:39.215966588Z,0,soil_moisture_pct_roc,soil_processed,soil_parcel_001
,_result,13,2026-08-28T06:46:44.621429835Z,0,soil_moisture_pct_roc,soil_processed,soil_parcel_001
,_result,13,2026-08-28T06:47:50.980430125Z,0,soil_moisture_pct_roc,soil_processed,soil_parcel_001
,_result,13,2026-08-28T06:48:56.284439096Z,0,soil_moisture_pct_roc,soil_processed,soil_parcel_001
,_result,13,2026-08-28T06:50:02.595134793Z,0,soil_moisture_pct_roc,soil_processed,soil_parcel_001
,_result,13,2026-08-28T06:51:09.049799894Z,0,soil_moisture_pct_roc,soil_processed,soil_parcel_001
,_result,13,2026-08-28T06:52:14.945156763Z,0,soil_moisture_pct_roc,soil_processed,soil_parcel_001
,_result,13,2026-08-28T06:53:20.421973382Z,0,soil_moisture_pct_roc,soil_processed,soil_parcel_001
,_result,13,2026-08-28T06:54:26.648705002Z,0,soil_moisture_pct_roc,soil_processed,soil_parcel_001
,_result,13,2026-08-28T06:55:32.446659922Z,0,soil_moisture_pct_roc,soil_processed,soil_parcel_001
,_result,13,2026-08-28T06:56:37.601290957Z,0,soil_moisture_pct_roc,soil_processed,soil_parcel_001
,_result,13,2026-08-28T06:57:42.840425846Z,0,soil_moisture_pct_roc,soil_processed,soil_parcel_001
,_result,13,2026-08-28T06:58:48.060505884Z,0,soil_moisture_pct_roc,soil_processed,soil_parcel_001
,_result,13,2026-08-28T06:59:53.610717312Z,0,soil_moisture_pct_roc,soil_processed,soil_parcel_001
,_result,13,2026-08-28T07:02:55.52168076Z,0,soil_moisture_pct_roc,soil_processed,soil_parcel_001
,_result,13,2026-08-28T07:04:00.157433788Z,0,soil_moisture_pct_roc,soil_processed,soil_parcel_001
,_result,13,2026-08-28T07:05:05.224857342Z,0,soil_moisture_pct_roc,soil_processed,soil_parcel_001
,_result,13,2026-08-28T07:06:09.593641922Z,0,soil_moisture_pct_roc,soil_processed,soil_parcel_001
,_result,14,2026-08-28T05:09:03.60336311Z,0,soil_moisture_pct_smooth,soil_processed,soil_parcel_001
,_result,14,2026-08-28T05:10:09.827191403Z,0,soil_moisture_pct_smooth,soil_processed,soil_parcel_001
,_result,14,2026-08-28T05:11:15.563010854Z,0,soil_moisture_pct_smooth,soil_processed,soil_parcel_001
,_result,14,2026-08-28T05:12:21.86917148Z,0,soil_moisture_pct_smooth,soil_processed,soil_parcel_001
,_result,14,2026-08-28T05:13:28.452556176Z,0,soil_moisture_pct_smooth,soil_processed,soil_parcel_001
,_result,14,2026-08-28T05:14:37.178891361Z,0,soil_moisture_pct_smooth,soil_processed,soil_parcel_001
,_result,14,2026-08-28T05:15:43.829552487Z,0,soil_moisture_pct_smooth,soil_processed,soil_parcel_001
,_result,14,2026-08-28T05:16:49.622537216Z,0,soil_moisture_pct_smooth,soil_processed,soil_parcel_001
,_result,14,2026-08-28T05:17:55.070740052Z,0,soil_moisture_pct_smooth,soil_processed,soil_parcel_001
,_result,14,2026-08-28T05:19:00.646088372Z,0,soil_moisture_pct_smooth,soil_processed,soil_parcel_001
,_result,14,2026-08-28T05:20:06.645081726Z,0,soil_moisture_pct_smooth,soil_processed,soil_parcel_001
,_result,14,2026-08-28T05:21:13.068021672Z,0,soil_moisture_pct_smooth,soil_processed,soil_parcel_001
,_result,14,2026-08-28T05:22:18.920253162Z,0,soil_moisture_pct_smooth,soil_processed,soil_parcel_001
,_result,14,2026-08-28T05:23:24.660530666Z,0,soil_moisture_pct_smooth,soil_processed,soil_parcel_001
,_result,14,2026-08-28T05:24:30.117858061Z,0,soil_moisture_pct_smooth,soil_processed,soil_parcel_001
,_result,14,2026-08-28T05:25:35.435488142Z,0,soil_moisture_pct_smooth,soil_processed,soil_parcel_001
,_result,14,2026-08-28T05:26:41.205473285Z,0,soil_moisture_pct_smooth,soil_processed,soil_parcel_001
,_result,14,2026-08-28T05:27:46.818188623Z,0,soil_moisture_pct_smooth,soil_processed,soil_parcel_001
,_result,14,2026-08-28T05:28:52.398300605Z,0,soil_moisture_pct_smooth,soil_processed,soil_parcel_001
,_result,14,2026-08-28T05:29:57.663198098Z,0,soil_moisture_pct_smooth,soil_processed,soil_parcel_001
,_result,14,2026-08-28T05:31:04.150922219Z,0,soil_moisture_pct_smooth,soil_processed,soil_parcel_001
,_result,14,2026-08-28T05:32:09.980793983Z,0,soil_moisture_pct_smooth,soil_processed,soil_parcel_001
,_result,14,2026-08-28T05:33:15.294112881Z,0,soil_moisture_pct_smooth,soil_processed,soil_parcel_001
,_result,14,2026-08-28T05:34:20.666876052Z,0,soil_moisture_pct_smooth,soil_processed,soil_parcel_001
,_result,14,2026-08-28T05:35:25.773266834Z,0,soil_moisture_pct_smooth,soil_processed,soil_parcel_001
,_result,14,2026-08-28T05:36:31.135599684Z,0,soil_moisture_pct_smooth,soil_processed,soil_parcel_001
,_result,14,2026-08-28T05:37:36.69130304Z,0,soil_moisture_pct_smooth,soil_processed,soil_parcel_001
,_result,14,2026-08-28T05:38:42.789863318Z,0,soil_moisture_pct_smooth,soil_processed,soil_parcel_001
,_result,14,2026-08-28T05:39:48.460294261Z,0,soil_moisture_pct_smooth,soil_processed,soil_parcel_001
,_result,14,2026-08-28T05:40:54.280692282Z,0,soil_moisture_pct_smooth,soil_processed,soil_parcel_001
,_result,14,2026-08-28T05:41:59.860760303Z,0,soil_moisture_pct_smooth,soil_processed,soil_parcel_001
,_result,14,2026-08-28T05:43:05.727488212Z,0,soil_moisture_pct_smooth,soil_processed,soil_parcel_001
,_result,14,2026-08-28T05:44:11.409662255Z,0,soil_moisture_pct_smooth,soil_processed,soil_parcel_001
,_result,14,2026-08-28T05:45:16.707091559Z,0,soil_moisture_pct_smooth,soil_processed,soil_parcel_001
,_result,14,2026-08-28T05:46:22.036281023Z,0,soil_moisture_pct_smooth,soil_processed,soil_parcel_001
,_result,14,2026-08-28T05:47:28.041128149Z,0,soil_moisture_pct_smooth,soil_processed,soil_parcel_001
,_result,14,2026-08-28T05:48:33.361305419Z,11.28,soil_moisture_pct_smooth,soil_processed,soil_parcel_001
,_result,14,2026-08-28T05:49:38.72192391Z,80,soil_moisture_pct_smooth,soil_processed,soil_parcel_001
,_result,14,2026-08-28T05:50:44.032186878Z,0,soil_moisture_pct_smooth,soil_processed,soil_parcel_001
,_result,14,2026-08-28T05:51:49.854780146Z,0,soil_moisture_pct_smooth,soil_processed,soil_parcel_001
,_result,14,2026-08-28T05:52:55.34240694Z,0,soil_moisture_pct_smooth,soil_processed,soil_parcel_001
,_result,14,2026-08-28T05:54:00.787048611Z,0,soil_moisture_pct_smooth,soil_processed,soil_parcel_001
,_result,14,2026-08-28T05:55:07.010872264Z,0,soil_moisture_pct_smooth,soil_processed,soil_parcel_001
,_result,14,2026-08-28T05:56:13.966225606Z,0,soil_moisture_pct_smooth,soil_processed,soil_parcel_001
,_result,14,2026-08-28T05:57:20.249235387Z,0,soil_moisture_pct_smooth,soil_processed,soil_parcel_001
,_result,14,2026-08-28T05:58:27.77057773Z,0,soil_moisture_pct_smooth,soil_processed,soil_parcel_001
,_result,14,2026-08-28T05:59:33.976704346Z,0,soil_moisture_pct_smooth,soil_processed,soil_parcel_001
,_result,14,2026-08-28T06:00:42.729422516Z,0,soil_moisture_pct_smooth,soil_processed,soil_parcel_001
,_result,14,2026-08-28T06:01:48.261776459Z,0,soil_moisture_pct_smooth,soil_processed,soil_parcel_001
,_result,14,2026-08-28T06:02:59.090509819Z,0,soil_moisture_pct_smooth,soil_processed,soil_parcel_001
,_result,14,2026-08-28T06:04:05.707883673Z,0,soil_moisture_pct_smooth,soil_processed,soil_parcel_001
,_result,14,2026-08-28T06:05:11.151634164Z,0,soil_moisture_pct_smooth,soil_processed,soil_parcel_001
,_result,14,2026-08-28T06:06:16.543728637Z,0,soil_moisture_pct_smooth,soil_processed,soil_parcel_001
,_result,14,2026-08-28T06:07:21.923581334Z,0,soil_moisture_pct_smooth,soil_processed,soil_parcel_001
,_result,14,2026-08-28T06:08:27.320538368Z,0,soil_moisture_pct_smooth,soil_processed,soil_parcel_001
,_result,14,2026-08-28T06:09:35.124297922Z,0,soil_moisture_pct_smooth,soil_processed,soil_parcel_001
,_result,14,2026-08-28T06:10:40.530889673Z,0,soil_moisture_pct_smooth,soil_processed,soil_parcel_001
,_result,14,2026-08-28T06:11:45.944411418Z,0,soil_moisture_pct_smooth,soil_processed,soil_parcel_001
,_result,14,2026-08-28T06:12:51.295318569Z,0,soil_moisture_pct_smooth,soil_processed,soil_parcel_001
,_result,14,2026-08-28T06:13:56.530744036Z,0,soil_moisture_pct_smooth,soil_processed,soil_parcel_001
,_result,14,2026-08-28T06:15:02.114356547Z,0,soil_moisture_pct_smooth,soil_processed,soil_parcel_001
,_result,14,2026-08-28T06:16:07.641817392Z,0,soil_moisture_pct_smooth,soil_processed,soil_parcel_001
,_result,14,2026-08-28T06:17:13.14375978Z,0,soil_moisture_pct_smooth,soil_processed,soil_parcel_001
,_result,14,2026-08-28T06:18:18.406505799Z,0,soil_moisture_pct_smooth,soil_processed,soil_parcel_001
,_result,14,2026-08-28T06:19:23.769150648Z,0,soil_moisture_pct_smooth,soil_processed,soil_parcel_001
,_result,14,2026-08-28T06:20:29.004586832Z,0,soil_moisture_pct_smooth,soil_processed,soil_parcel_001
,_result,14,2026-08-28T06:21:35.18305454Z,0,soil_moisture_pct_smooth,soil_processed,soil_parcel_001
,_result,14,2026-08-28T06:22:41.505534476Z,0,soil_moisture_pct_smooth,soil_processed,soil_parcel_001
,_result,14,2026-08-28T06:23:47.331819906Z,0,soil_moisture_pct_smooth,soil_processed,soil_parcel_001
,_result,14,2026-08-28T06:24:53.482753245Z,0,soil_moisture_pct_smooth,soil_processed,soil_parcel_001
,_result,14,2026-08-28T06:25:59.664935896Z,0,soil_moisture_pct_smooth,soil_processed,soil_parcel_001
,_result,14,2026-08-28T06:27:05.069138141Z,0,soil_moisture_pct_smooth,soil_processed,soil_parcel_001
,_result,14,2026-08-28T06:28:10.451787395Z,0,soil_moisture_pct_smooth,soil_processed,soil_parcel_001
,_result,14,2026-08-28T06:29:16.259135618Z,0,soil_moisture_pct_smooth,soil_processed,soil_parcel_001
,_result,14,2026-08-28T06:30:21.844737385Z,0,soil_moisture_pct_smooth,soil_processed,soil_parcel_001
,_result,14,2026-08-28T06:31:27.116838675Z,0,soil_moisture_pct_smooth,soil_processed,soil_parcel_001
,_result,14,2026-08-28T06:32:32.82887562Z,0,soil_moisture_pct_smooth,soil_processed,soil_parcel_001
,_result,14,2026-08-28T06:33:38.511257074Z,0,soil_moisture_pct_smooth,soil_processed,soil_parcel_001
,_result,14,2026-08-28T06:34:43.905217631Z,0,soil_moisture_pct_smooth,soil_processed,soil_parcel_001
,_result,14,2026-08-28T06:35:49.511898813Z,0,soil_moisture_pct_smooth,soil_processed,soil_parcel_001
,_result,14,2026-08-28T06:36:54.783304382Z,0,soil_moisture_pct_smooth,soil_processed,soil_parcel_001
,_result,14,2026-08-28T06:38:00.341205463Z,0,soil_moisture_pct_smooth,soil_processed,soil_parcel_001
,_result,14,2026-08-28T06:39:05.664137259Z,0,soil_moisture_pct_smooth,soil_processed,soil_parcel_001
,_result,14,2026-08-28T06:40:11.013420405Z,0,soil_moisture_pct_smooth,soil_processed,soil_parcel_001
,_result,14,2026-08-28T06:41:16.374642693Z,0,soil_moisture_pct_smooth,soil_processed,soil_parcel_001
,_result,14,2026-08-28T06:42:21.797783686Z,0,soil_moisture_pct_smooth,soil_processed,soil_parcel_001
,_result,14,2026-08-28T06:43:27.880635748Z,0,soil_moisture_pct_smooth,soil_processed,soil_parcel_001
,_result,14,2026-08-28T06:44:33.240140421Z,0,soil_moisture_pct_smooth,soil_processed,soil_parcel_001
,_result,14,2026-08-28T06:45:39.215966588Z,0,soil_moisture_pct_smooth,soil_processed,soil_parcel_001
,_result,14,2026-08-28T06:46:44.621429835Z,0,soil_moisture_pct_smooth,soil_processed,soil_parcel_001
,_result,14,2026-08-28T06:47:50.980430125Z,0,soil_moisture_pct_smooth,soil_processed,soil_parcel_001
,_result,14,2026-08-28T06:48:56.284439096Z,0,soil_moisture_pct_smooth,soil_processed,soil_parcel_001
,_result,14,2026-08-28T06:50:02.595134793Z,0,soil_moisture_pct_smooth,soil_processed,soil_parcel_001
,_result,14,2026-08-28T06:51:09.049799894Z,0,soil_moisture_pct_smooth,soil_processed,soil_parcel_001
,_result,14,2026-08-28T06:52:14.945156763Z,0,soil_moisture_pct_smooth,soil_processed,soil_parcel_001
,_result,14,2026-08-28T06:53:20.421973382Z,0,soil_moisture_pct_smooth,soil_processed,soil_parcel_001
,_result,14,2026-08-28T06:54:26.648705002Z,0,soil_moisture_pct_smooth,soil_processed,soil_parcel_001
,_result,14,2026-08-28T06:55:32.446659922Z,0,soil_moisture_pct_smooth,soil_processed,soil_parcel_001
,_result,14,2026-08-28T06:56:37.601290957Z,0,soil_moisture_pct_smooth,soil_processed,soil_parcel_001
,_result,14,2026-08-28T06:57:42.840425846Z,0,soil_moisture_pct_smooth,soil_processed,soil_parcel_001
,_result,14,2026-08-28T06:58:48.060505884Z,0,soil_moisture_pct_smooth,soil_processed,soil_parcel_001
,_result,14,2026-08-28T06:59:53.610717312Z,0,soil_moisture_pct_smooth,soil_processed,soil_parcel_001
,_result,14,2026-08-28T07:02:55.52168076Z,0,soil_moisture_pct_smooth,soil_processed,soil_parcel_001
,_result,14,2026-08-28T07:04:00.157433788Z,0,soil_moisture_pct_smooth,soil_processed,soil_parcel_001
,_result,14,2026-08-28T07:05:05.224857342Z,0,soil_moisture_pct_smooth,soil_processed,soil_parcel_001
,_result,14,2026-08-28T07:06:09.593641922Z,0,soil_moisture_pct_smooth,soil_processed,soil_parcel_001
,_result,15,2026-08-28T04:38:07.717978056Z,0,state_code,soil_health,soil_parcel_001
,_result,15,2026-08-28T04:39:11.811954403Z,0,state_code,soil_health,soil_parcel_001
,_result,15,2026-08-28T04:40:16.018838363Z,0,state_code,soil_health,soil_parcel_001
,_result,15,2026-08-28T04:41:20.10534612Z,0,state_code,soil_health,soil_parcel_001
,_result,15,2026-08-28T04:42:24.262557915Z,0,state_code,soil_health,soil_parcel_001
,_result,15,2026-08-28T04:43:28.423712317Z,0,state_code,soil_health,soil_parcel_001
,_result,15,2026-08-28T04:44:32.924821244Z,0,state_code,soil_health,soil_parcel_001
,_result,15,2026-08-28T04:45:37.320126778Z,0,state_code,soil_health,soil_parcel_001
,_result,15,2026-08-28T04:46:41.377773495Z,0,state_code,soil_health,soil_parcel_001
,_result,15,2026-08-28T04:47:45.852708827Z,0,state_code,soil_health,soil_parcel_001
,_result,15,2026-08-28T04:48:50.354997252Z,0,state_code,soil_health,soil_parcel_001
,_result,15,2026-08-28T04:49:54.608153014Z,0,state_code,soil_health,soil_parcel_001
,_result,15,2026-08-28T04:51:47.642651922Z,0,state_code,soil_health,soil_parcel_001
,_result,15,2026-08-28T04:52:53.970007338Z,0,state_code,soil_health,soil_parcel_001
,_result,15,2026-08-28T04:53:59.212104813Z,0,state_code,soil_health,soil_parcel_001
,_result,15,2026-08-28T04:55:04.375587191Z,0,state_code,soil_health,soil_parcel_001
,_result,15,2026-08-28T04:56:09.705566266Z,0,state_code,soil_health,soil_parcel_001
,_result,15,2026-08-28T04:57:15.36943368Z,0,state_code,soil_health,soil_parcel_001
,_result,15,2026-08-28T04:58:22.698567203Z,0,state_code,soil_health,soil_parcel_001
,_result,15,2026-08-28T04:59:27.791186955Z,0,state_code,soil_health,soil_parcel_001
,_result,15,2026-08-28T05:00:33.642909492Z,0,state_code,soil_health,soil_parcel_001
,_result,15,2026-08-28T05:01:39.840929012Z,0,state_code,soil_health,soil_parcel_001
,_result,15,2026-08-28T05:02:44.989174427Z,0,state_code,soil_health,soil_parcel_001
,_result,15,2026-08-28T05:03:50.103549931Z,0,state_code,soil_health,soil_parcel_001
,_result,15,2026-08-28T05:04:55.54361436Z,0,state_code,soil_health,soil_parcel_001
,_result,15,2026-08-28T05:06:01.014572416Z,0,state_code,soil_health,soil_parcel_001
,_result,15,2026-08-28T05:07:06.267400192Z,0,state_code,soil_health,soil_parcel_001
,_result,15,2026-08-28T05:08:11.706953409Z,0,state_code,soil_health,soil_parcel_001
,_result,15,2026-08-28T05:09:19.238576823Z,1,state_code,soil_health,soil_parcel_001
,_result,15,2026-08-28T05:10:24.687847824Z,1,state_code,soil_health,soil_parcel_001
,_result,15,2026-08-28T05:11:31.30966015Z,1,state_code,soil_health,soil_parcel_001
,_result,15,2026-08-28T05:12:36.929931107Z,1,state_code,soil_health,soil_parcel_001
,_result,15,2026-08-28T05:13:44.688841102Z,1,state_code,soil_health,soil_parcel_001
,_result,15,2026-08-28T05:14:52.354324447Z,1,state_code,soil_health,soil_parcel_001
,_result,15,2026-08-28T05:15:58.355898016Z,1,state_code,soil_health,soil_parcel_001
,_result,15,2026-08-28T05:17:03.93899347Z,1,state_code,soil_health,soil_parcel_001
,_result,15,2026-08-28T05:18:09.218499693Z,1,state_code,soil_health,soil_parcel_001
,_result,15,2026-08-28T05:19:14.874686889Z,1,state_code,soil_health,soil_parcel_001
,_result,15,2026-08-28T05:20:20.934688964Z,1,state_code,soil_health,soil_parcel_001
,_result,15,2026-08-28T05:21:27.292627359Z,1,state_code,soil_health,soil_parcel_001
,_result,15,2026-08-28T05:22:34.148940449Z,1,state_code,soil_health,soil_parcel_001
,_result,15,2026-08-28T05:23:39.530151167Z,1,state_code,soil_health,soil_parcel_001
,_result,15,2026-08-28T05:24:44.958429478Z,1,state_code,soil_health,soil_parcel_001
,_result,15,2026-08-28T05:25:50.792513491Z,1,state_code,soil_health,soil_parcel_001
,_result,15,2026-08-28T05:26:56.948195217Z,1,state_code,soil_health,soil_parcel_001
,_result,15,2026-08-28T05:28:02.437427899Z,1,state_code,soil_health,soil_parcel_001
,_result,15,2026-08-28T05:29:07.498740207Z,1,state_code,soil_health,soil_parcel_001
,_result,15,2026-08-28T05:30:13.28987488Z,1,state_code,soil_health,soil_parcel_001
,_result,15,2026-08-28T05:31:18.446171812Z,1,state_code,soil_health,soil_parcel_001
,_result,15,2026-08-28T05:32:25.115198038Z,1,state_code,soil_health,soil_parcel_001
,_result,15,2026-08-28T05:33:30.193752072Z,1,state_code,soil_health,soil_parcel_001
,_result,15,2026-08-28T05:34:35.547160567Z,1,state_code,soil_health,soil_parcel_001
,_result,15,2026-08-28T05:35:40.742126377Z,1,state_code,soil_health,soil_parcel_001
,_result,15,2026-08-28T05:36:45.853263385Z,1,state_code,soil_health,soil_parcel_001
,_result,15,2026-08-28T05:37:51.088565998Z,1,state_code,soil_health,soil_parcel_001
,_result,15,2026-08-28T05:38:56.585157931Z,1,state_code,soil_health,soil_parcel_001
,_result,15,2026-08-28T05:40:02.510028139Z,1,state_code,soil_health,soil_parcel_001
,_result,15,2026-08-28T05:41:07.795771553Z,1,state_code,soil_health,soil_parcel_001
,_result,15,2026-08-28T05:42:13.555491123Z,1,state_code,soil_health,soil_parcel_001
,_result,15,2026-08-28T05:43:19.003309869Z,1,state_code,soil_health,soil_parcel_001
,_result,15,2026-08-28T05:44:24.401937332Z,1,state_code,soil_health,soil_parcel_001
,_result,15,2026-08-28T05:45:29.601161367Z,1,state_code,soil_health,soil_parcel_001
,_result,15,2026-08-28T05:46:34.865524468Z,1,state_code,soil_health,soil_parcel_001
,_result,15,2026-08-28T05:47:39.986131934Z,1,state_code,soil_health,soil_parcel_001
,_result,15,2026-08-28T05:48:44.966182118Z,1,state_code,soil_health,soil_parcel_001
,_result,15,2026-08-28T05:49:50.240924842Z,1,state_code,soil_health,soil_parcel_001
,_result,15,2026-08-28T05:50:55.361226672Z,1,state_code,soil_health,soil_parcel_001
,_result,15,2026-08-28T05:52:01.271635664Z,1,state_code,soil_health,soil_parcel_001
,_result,15,2026-08-28T05:53:06.534860228Z,1,state_code,soil_health,soil_parcel_001
,_result,15,2026-08-28T05:54:12.196337615Z,1,state_code,soil_health,soil_parcel_001
,_result,15,2026-08-28T05:55:18.305538266Z,1,state_code,soil_health,soil_parcel_001
,_result,15,2026-08-28T05:56:25.583276674Z,1,state_code,soil_health,soil_parcel_001
,_result,15,2026-08-28T05:57:32.49035289Z,1,state_code,soil_health,soil_parcel_001
,_result,15,2026-08-28T05:58:38.560034483Z,1,state_code,soil_health,soil_parcel_001
,_result,15,2026-08-28T05:59:44.355601916Z,1,state_code,soil_health,soil_parcel_001
,_result,15,2026-08-28T06:00:51.624518078Z,1,state_code,soil_health,soil_parcel_001
,_result,15,2026-08-28T06:01:58.196811157Z,1,state_code,soil_health,soil_parcel_001
,_result,15,2026-08-28T06:03:04.823091679Z,1,state_code,soil_health,soil_parcel_001
,_result,15,2026-08-28T06:04:10.861319978Z,1,state_code,soil_health,soil_parcel_001
,_result,15,2026-08-28T06:05:16.331238336Z,1,state_code,soil_health,soil_parcel_001
,_result,15,2026-08-28T06:06:21.594849178Z,1,state_code,soil_health,soil_parcel_001
,_result,15,2026-08-28T06:07:26.793930024Z,1,state_code,soil_health,soil_parcel_001
,_result,15,2026-08-28T06:08:32.067740512Z,1,state_code,soil_health,soil_parcel_001
,_result,15,2026-08-28T06:09:37.29421112Z,1,state_code,soil_health,soil_parcel_001
,_result,15,2026-08-28T06:10:42.61207249Z,1,state_code,soil_health,soil_parcel_001
,_result,15,2026-08-28T06:11:48.354109104Z,1,state_code,soil_health,soil_parcel_001
,_result,15,2026-08-28T06:12:53.657013438Z,1,state_code,soil_health,soil_parcel_001
,_result,15,2026-08-28T06:13:58.870300768Z,1,state_code,soil_health,soil_parcel_001
,_result,15,2026-08-28T06:15:04.119874097Z,1,state_code,soil_health,soil_parcel_001
,_result,15,2026-08-28T06:16:09.568588208Z,1,state_code,soil_health,soil_parcel_001
,_result,15,2026-08-28T06:17:15.023973924Z,1,state_code,soil_health,soil_parcel_001
,_result,15,2026-08-28T06:18:20.126418577Z,1,state_code,soil_health,soil_parcel_001
,_result,15,2026-08-28T06:19:25.254364392Z,1,state_code,soil_health,soil_parcel_001
,_result,15,2026-08-28T06:20:30.52570288Z,1,state_code,soil_health,soil_parcel_001
,_result,15,2026-08-28T06:21:36.182529182Z,1,state_code,soil_health,soil_parcel_001
,_result,15,2026-08-28T06:22:41.897840692Z,1,state_code,soil_health,soil_parcel_001
,_result,15,2026-08-28T06:23:47.660750477Z,1,state_code,soil_health,soil_parcel_001
,_result,15,2026-08-28T06:24:53.637406433Z,1,state_code,soil_health,soil_parcel_001
,_result,15,2026-08-28T06:25:59.904831501Z,1,state_code,soil_health,soil_parcel_001
,_result,15,2026-08-28T06:27:05.126416858Z,1,state_code,soil_health,soil_parcel_001
,_result,15,2026-08-28T06:28:10.186362544Z,1,state_code,soil_health,soil_parcel_001
,_result,15,2026-08-28T06:29:15.956383905Z,1,state_code,soil_health,soil_parcel_001
,_result,15,2026-08-28T06:30:21.171673188Z,1,state_code,soil_health,soil_parcel_001
,_result,15,2026-08-28T06:31:26.56723979Z,1,state_code,soil_health,soil_parcel_001
,_result,15,2026-08-28T06:32:31.721497958Z,1,state_code,soil_health,soil_parcel_001
,_result,15,2026-08-28T06:33:36.807272711Z,1,state_code,soil_health,soil_parcel_001
,_result,15,2026-08-28T06:34:42.141070085Z,1,state_code,soil_health,soil_parcel_001
,_result,15,2026-08-28T06:35:47.290868433Z,1,state_code,soil_health,soil_parcel_001
,_result,15,2026-08-28T06:36:52.457221395Z,1,state_code,soil_health,soil_parcel_001
,_result,15,2026-08-28T06:37:57.497797989Z,1,state_code,soil_health,soil_parcel_001
,_result,15,2026-08-28T06:39:02.745205166Z,1,state_code,soil_health,soil_parcel_001
,_result,15,2026-08-28T06:40:08.513246856Z,1,state_code,soil_health,soil_parcel_001
,_result,15,2026-08-28T06:41:13.734353874Z,1,state_code,soil_health,soil_parcel_001
,_result,15,2026-08-28T06:42:18.924225868Z,1,state_code,soil_health,soil_parcel_001
,_result,15,2026-08-28T06:43:24.308122076Z,1,state_code,soil_health,soil_parcel_001
,_result,15,2026-08-28T06:44:29.666202803Z,1,state_code,soil_health,soil_parcel_001
,_result,15,2026-08-28T06:45:34.817680132Z,1,state_code,soil_health,soil_parcel_001
,_result,15,2026-08-28T06:46:40.967958272Z,1,state_code,soil_health,soil_parcel_001
,_result,15,2026-08-28T06:47:47.665024083Z,1,state_code,soil_health,soil_parcel_001
,_result,15,2026-08-28T06:48:52.914978031Z,1,state_code,soil_health,soil_parcel_001
,_result,15,2026-08-28T06:50:00.378684518Z,1,state_code,soil_health,soil_parcel_001
,_result,15,2026-08-28T06:51:07.174508509Z,1,state_code,soil_health,soil_parcel_001
,_result,15,2026-08-28T06:52:13.180117568Z,1,state_code,soil_health,soil_parcel_001
,_result,15,2026-08-28T06:53:18.481546148Z,1,state_code,soil_health,soil_parcel_001
,_result,15,2026-08-28T06:54:24.036265115Z,1,state_code,soil_health,soil_parcel_001
,_result,15,2026-08-28T06:55:29.279678204Z,1,state_code,soil_health,soil_parcel_001
,_result,15,2026-08-28T06:56:34.677800771Z,1,state_code,soil_health,soil_parcel_001
,_result,15,2026-08-28T06:57:39.901349889Z,1,state_code,soil_health,soil_parcel_001
,_result,15,2026-08-28T06:58:45.242205228Z,1,state_code,soil_health,soil_parcel_001
,_result,15,2026-08-28T06:59:50.545217266Z,1,state_code,soil_health,soil_parcel_001
,_result,15,2026-08-28T07:01:45.421599738Z,0,state_code,soil_health,soil_parcel_001
,_result,15,2026-08-28T07:02:49.907929188Z,0,state_code,soil_health,soil_parcel_001
,_result,15,2026-08-28T07:03:53.998989276Z,0,state_code,soil_health,soil_parcel_001
,_result,15,2026-08-28T07:04:58.03018361Z,0,state_code,soil_health,soil_parcel_001
,_result,15,2026-08-28T07:06:02.218371083Z,0,state_code,soil_health,soil_parcel_001
,_result,15,2026-08-28T07:07:06.241282907Z,0,state_code,soil_health,soil_parcel_001
,_result,15,2026-08-28T07:08:10.214891048Z,0,state_code,soil_health,soil_parcel_001
,_result,15,2026-08-28T07:09:14.395473134Z,0,state_code,soil_health,soil_parcel_001
,_result,15,2026-08-28T07:10:18.463799577Z,0,state_code,soil_health,soil_parcel_001
,_result,15,2026-08-28T07:11:23.032247364Z,0,state_code,soil_health,soil_parcel_001
,_result,15,2026-08-28T07:12:27.057399315Z,0,state_code,soil_health,soil_parcel_001
,_result,15,2026-08-28T07:13:31.072570622Z,0,state_code,soil_health,soil_parcel_001
,_result,15,2026-08-28T07:14:35.019886956Z,0,state_code,soil_health,soil_parcel_001
,_result,15,2026-08-28T07:15:38.964427902Z,0,state_code,soil_health,soil_parcel_001
,_result,15,2026-08-28T07:16:43.387375471Z,0,state_code,soil_health,soil_parcel_001
,_result,15,2026-08-28T07:17:47.543965394Z,0,state_code,soil_health,soil_parcel_001
,_result,15,2026-08-28T07:18:51.527272393Z,0,state_code,soil_health,soil_parcel_001
,_result,15,2026-08-28T07:19:55.461815057Z,0,state_code,soil_health,soil_parcel_001
,_result,15,2026-08-28T07:36:05.22907969Z,0,state_code,soil_health,soil_parcel_001
,_result,15,2026-08-28T08:22:20.370895749Z,0,state_code,soil_health,soil_parcel_001

